Title,Channel Title,Channel ID,Publish time,Duration,Number of comments,Number of likes,Number of views,video_id,url
I'M BACK,Shroud,UCoz3Kpu5lv-ALhR4h9bDvcw,2022-11-29T22:16:54Z,10:14,178,2371,37486,jDW6uIbZHO0,https://www.youtube.com/watch?v=jDW6uIbZHO0
9 MINUTES OF SHROUD DESTROYING TRASH TALKERS IN VALORANT,Shroud,UCoz3Kpu5lv-ALhR4h9bDvcw,2022-10-01T13:01:41Z,9:39,685,22078,557086,DTuS6Bki9kI,https://www.youtube.com/watch?v=DTuS6Bki9kI
THIS VALORANT AGENT IS GONE WHEN HARBOR IS OUT,Shroud,UCoz3Kpu5lv-ALhR4h9bDvcw,2022-10-18T20:25:11Z,10:1,365,14570,435400,-Z2soOp0ZkQ,https://www.youtube.com/watch?v=-Z2soOp0ZkQ
SO WE TRIED A NEW JETT AND NEON COMBO IN VALORANT,Shroud,UCoz3Kpu5lv-ALhR4h9bDvcw,2022-10-30T14:24:11Z,10:18,203,9399,269244,ELNs_hXu1qQ,https://www.youtube.com/watch?v=ELNs_hXu1qQ
WHAT CS:GO MOVEMENT LOOKS LIKE IN VALORANT,Shroud,UCoz3Kpu5lv-ALhR4h9bDvcw,2022-10-07T16:00:03Z,8:54,312,18775,583186,Cow9Qa9759Y,https://www.youtube.com/watch?v=Cow9Qa9759Y
PHANTOM IS THE GOD GUN,Shroud,UCoz3Kpu5lv-ALhR4h9bDvcw,2022-09-01T10:15:00Z,13:19,331,16206,511782,cRzbBwK26l8,https://www.youtube.com/watch?v=cRzbBwK26l8
HOW CS:GO PROS CLIMB TO RANK 1 IN VALORANT,Shroud,UCoz3Kpu5lv-ALhR4h9bDvcw,2022-10-11T16:20:37Z,10:29,257,11571,321200,GZ6Ifm5eeeo,https://www.youtube.com/watch?v=GZ6Ifm5eeeo
CAN 4 VALORANT PROS BEAT 5 RADIANTS?,Shroud,UCoz3Kpu5lv-ALhR4h9bDvcw,2022-10-14T17:10:13Z,10:16,222,10668,285628,_Ktomq5yor4,https://www.youtube.com/watch?v=_Ktomq5yor4
My Valorant games are FILLED WITH BOTS.,Shroud,UCoz3Kpu5lv-ALhR4h9bDvcw,2022-09-23T05:00:56Z,8:3,314,11910,307961,vL0LfVuv1sM,https://www.youtube.com/watch?v=vL0LfVuv1sM
SHROUD CARRYING WITH CHAMBER,Shroud,UCoz3Kpu5lv-ALhR4h9bDvcw,2022-07-08T04:37:45Z,10:26,286,15528,477120,2-ts-pTv5wY,https://www.youtube.com/watch?v=2-ts-pTv5wY
my LAST game of Valorant before I leave...,Shroud,UCoz3Kpu5lv-ALhR4h9bDvcw,2022-09-17T05:15:37Z,11:27,650,23906,708218,VBdAP-iAP68,https://www.youtube.com/watch?v=VBdAP-iAP68
I have an announcement,Shroud,UCoz3Kpu5lv-ALhR4h9bDvcw,2022-11-23T22:19:00Z,10:14,1505,34169,1110661,7OWtsq-1V2Y,https://www.youtube.com/watch?v=7OWtsq-1V2Y
THIS Spot in The NEW Pearl Map IS TOO GOOD!,Shroud,UCoz3Kpu5lv-ALhR4h9bDvcw,2022-09-26T05:57:50Z,8:3,246,11284,288904,oa5KKLOy8Vg,https://www.youtube.com/watch?v=oa5KKLOy8Vg
SHROUD'S FIRST PRO GAME,Shroud,UCoz3Kpu5lv-ALhR4h9bDvcw,2022-08-09T20:40:03Z,29:55,482,24024,765109,JBGg8qKzoJ4,https://www.youtube.com/watch?v=JBGg8qKzoJ4
SHROUD & HIKO ARE MAKING A VALORANT TEAM,Shroud,UCoz3Kpu5lv-ALhR4h9bDvcw,2022-10-04T13:01:27Z,8:51,223,11222,259863,3yUrkxCga9Q,https://www.youtube.com/watch?v=3yUrkxCga9Q
THE BEST AIM IN VALORANT,Shroud,UCoz3Kpu5lv-ALhR4h9bDvcw,2022-05-28T01:26:22Z,10:17,215,17175,516836,C8lNiyD1Ojk,https://www.youtube.com/watch?v=C8lNiyD1Ojk
SHROUD TRIES A NEW AGENT IN VALORANT,Shroud,UCoz3Kpu5lv-ALhR4h9bDvcw,2022-04-28T01:56:06Z,13:57,342,19600,583658,lLlfHDmG3QI,https://www.youtube.com/watch?v=lLlfHDmG3QI
SHROUD'S BEST GAMING HIGHLIGHTS FT. RIOT GAMES MUSIC,Shroud,UCoz3Kpu5lv-ALhR4h9bDvcw,2022-11-04T19:00:58Z,13:49,188,7331,200203,Zh3puNUbujk,https://www.youtube.com/watch?v=Zh3puNUbujk
I DON'T KNOW WHICH VALORANT TEAM TO PICK,Shroud,UCoz3Kpu5lv-ALhR4h9bDvcw,2022-09-29T08:55:52Z,9:33,472,13146,320558,dFBZRErvX2U,https://www.youtube.com/watch?v=dFBZRErvX2U
The QUICKEST Game of Valorant! | Valorant | Shroud,Shroud,UCoz3Kpu5lv-ALhR4h9bDvcw,2021-03-16T23:30:01Z,16:1,377,22217,583668,HozGop4vOVU,https://www.youtube.com/watch?v=HozGop4vOVU
10 VALORANT PROS IN 1 LOBBY,Shroud,UCoz3Kpu5lv-ALhR4h9bDvcw,2022-08-20T05:11:43Z,8:10,145,12060,307747,vrEPMHiznNQ,https://www.youtube.com/watch?v=vrEPMHiznNQ
WHAT VALORANT AIM LOOKS LIKE IN OVERWATCH 2,Shroud,UCoz3Kpu5lv-ALhR4h9bDvcw,2022-10-22T13:02:48Z,10:9,619,16282,619587,91ScBJ6CYrk,https://www.youtube.com/watch?v=91ScBJ6CYrk
THE BEST OF SEN SHROUD,Shroud,UCoz3Kpu5lv-ALhR4h9bDvcw,2022-07-19T02:09:48Z,11:11,632,38837,1297780,DuQB6mgvtKI,https://www.youtube.com/watch?v=DuQB6mgvtKI
Shroud should have Lost this match of Valorant..,Shroud,UCoz3Kpu5lv-ALhR4h9bDvcw,2022-01-29T18:56:47Z,12:56,230,11964,279909,NPGi4HtFLUs,https://www.youtube.com/watch?v=NPGi4HtFLUs
SHROUD & TENZ ARE UNSTOPPABLE,Shroud,UCoz3Kpu5lv-ALhR4h9bDvcw,2022-07-23T06:49:48Z,9:59,686,38456,1104884,i1oLVXZUl5M,https://www.youtube.com/watch?v=i1oLVXZUl5M
HARD VALORANT GAMES,Shroud,UCoz3Kpu5lv-ALhR4h9bDvcw,2020-05-13T05:44:11Z,12,1328,24168,869731,8ej7LzdWMfs,https://www.youtube.com/watch?v=8ej7LzdWMfs
THE SOLO QUEUE EXPERIENCE IN VALORANT,Shroud,UCoz3Kpu5lv-ALhR4h9bDvcw,2020-08-22T21:00:01Z,14:32,1372,32064,880420,Q3AFkUp4Iug,https://www.youtube.com/watch?v=Q3AFkUp4Iug
THIS NEW 360Hz MONITOR WILL CHANGE EVERYTHING,Shroud,UCoz3Kpu5lv-ALhR4h9bDvcw,2022-11-16T14:17:11Z,10:25,398,7227,268441,yEH3aRkVPlk,https://www.youtube.com/watch?v=yEH3aRkVPlk
15 Times Shroud Was a Beast In Valorant,Shroud,UCoz3Kpu5lv-ALhR4h9bDvcw,2021-04-07T23:30:01Z,6:32,1143,73944,2181884,eGJ3Zib5gTE,https://www.youtube.com/watch?v=eGJ3Zib5gTE
So I let my viewers choose my crosshair...,Shroud,UCoz3Kpu5lv-ALhR4h9bDvcw,2022-09-14T11:21:31Z,9:38,269,10673,288152,zLB-n7C2tac,https://www.youtube.com/watch?v=zLB-n7C2tac
We are the lowest-ranked team in this Valorant tournament but...,Sykkuno,UCRAEUAmW9kletIzOxhpLRFw,2021-12-26T15:00:09Z,30:15,400,32347,770029,Kl2XzD5DMoY,https://www.youtube.com/watch?v=Kl2XzD5DMoY
Winning at Valorant by only going C,Sykkuno,UCRAEUAmW9kletIzOxhpLRFw,2022-11-20T18:47:39Z,11:19,192,6669,93964,rMMFFE3BM5k,https://www.youtube.com/watch?v=rMMFFE3BM5k
RADIANT IS JUST TOO EASY - 35 KILLS (Valorant),iiTzTimmy,UC5v2QgY2D5tlu8uws23MG4Q,2022-11-29T23:00:15Z,11:17,18,400,4926,e2MloQWWfJ4,https://www.youtube.com/watch?v=e2MloQWWfJ4
I DROPPED A 41 KILL GAME IN RADIANT (Valorant),iiTzTimmy,UC5v2QgY2D5tlu8uws23MG4Q,2022-11-27T23:00:32Z,13:17,59,1895,60368,nHywtfQIwgw,https://www.youtube.com/watch?v=nHywtfQIwgw
VALORANT FOR 65 HOURS: The Film | Solo Iron-Radiant in One Stream Challenge,iiTzTimmy,UC5v2QgY2D5tlu8uws23MG4Q,2021-11-30T22:00:02Z,1:24:14,3691,131727,5104849,6YESOZ_tGWo,https://www.youtube.com/watch?v=6YESOZ_tGWo
SHOULD I GO PRO IN VALORANT?,iiTzTimmy,UC5v2QgY2D5tlu8uws23MG4Q,2022-11-25T23:00:04Z,8:8,96,1961,55451,2_7Pro9m07E,https://www.youtube.com/watch?v=2_7Pro9m07E
PLAYING AGAINST THE MOST STACKED RADIANT TEAM EVER,iiTzTimmy,UC5v2QgY2D5tlu8uws23MG4Q,2022-11-26T23:00:30Z,10:42,32,1620,44677,e8REhf2Feek,https://www.youtube.com/watch?v=e8REhf2Feek
IITZTIMMY VS. SEN TENZ,iiTzTimmy,UC5v2QgY2D5tlu8uws23MG4Q,2022-08-26T00:35:31Z,13:39,172,6317,206750,4FgntfRhdQ4,https://www.youtube.com/watch?v=4FgntfRhdQ4
39 KILL GAME IN VALORANT,iiTzTimmy,UC5v2QgY2D5tlu8uws23MG4Q,2020-04-10T18:51:35Z,10:4,48,806,30769,Q9r7w93g8Uw,https://www.youtube.com/watch?v=Q9r7w93g8Uw
RANK #1 VALORANT PLAYER IN THE ENTIRE WORLD *NOT CLICKBAIT*,iiTzTimmy,UC5v2QgY2D5tlu8uws23MG4Q,2022-02-02T23:00:09Z,9:58,239,12684,403195,SxJuInLGsys,https://www.youtube.com/watch?v=SxJuInLGsys
THEY THOUGHT I WAS HACKING,iiTzTimmy,UC5v2QgY2D5tlu8uws23MG4Q,2020-05-18T21:00:14Z,10:39,23,386,10154,uMXQu2GmTyY,https://www.youtube.com/watch?v=uMXQu2GmTyY
WHAT HAPPENED WHEN I LOCKED IN JETT...,iiTzTimmy,UC5v2QgY2D5tlu8uws23MG4Q,2022-08-26T21:15:00Z,9:12,76,2476,69557,FFMbR_KNWLQ,https://www.youtube.com/watch?v=FFMbR_KNWLQ
WHAT HAPPENED WHEN I LOCKED IN JETT...,iiTzTimmy,UC5v2QgY2D5tlu8uws23MG4Q,2022-08-26T21:15:00Z,9:12,76,2476,69557,FFMbR_KNWLQ,https://www.youtube.com/watch?v=FFMbR_KNWLQ
I FINALLY GOT RADIANT,iiTzTimmy,UC5v2QgY2D5tlu8uws23MG4Q,2020-10-30T22:00:01Z,8:54,71,1953,81536,1and0iKQUdU,https://www.youtube.com/watch?v=1and0iKQUdU
PLAYING VALORANT WITH KESHI,iiTzTimmy,UC5v2QgY2D5tlu8uws23MG4Q,2022-03-29T22:00:07Z,15:10,133,3990,115797,8BfxegLbzRA,https://www.youtube.com/watch?v=8BfxegLbzRA
JETT-ING MY WAY TO TOP 100 RADIANT,iiTzTimmy,UC5v2QgY2D5tlu8uws23MG4Q,2022-02-07T23:00:03Z,14:48,96,8304,276477,5YxWohqKSPw,https://www.youtube.com/watch?v=5YxWohqKSPw
I JUST DON'T MISS!!,iiTzTimmy,UC5v2QgY2D5tlu8uws23MG4Q,2022-02-03T23:00:27Z,10:14,116,4918,133932,YzFN4-IP-OQ,https://www.youtube.com/watch?v=YzFN4-IP-OQ
I PLAYED IN THE VANGUARD VALORANT TOURNAMENT,iiTzTimmy,UC5v2QgY2D5tlu8uws23MG4Q,2020-05-11T21:00:11Z,10:46,10,118,3427,nzAUkvacTtY,https://www.youtube.com/watch?v=nzAUkvacTtY
MEME MASTER PLAYS VALORANT,iiTzTimmy,UC5v2QgY2D5tlu8uws23MG4Q,2020-05-17T21:00:00Z,11:29,24,209,6526,ah6nFssxMT4,https://www.youtube.com/watch?v=ah6nFssxMT4
THE PRO PLAYER CHALLENGE,iiTzTimmy,UC5v2QgY2D5tlu8uws23MG4Q,2022-08-24T22:30:00Z,8:32,77,3366,120321,Ah5-Wkbs_cg,https://www.youtube.com/watch?v=Ah5-Wkbs_cg
I'M CRACKED WITH REYNA,iiTzTimmy,UC5v2QgY2D5tlu8uws23MG4Q,2020-06-23T21:00:01Z,14,39,389,11739,5LVofYfip5A,https://www.youtube.com/watch?v=5LVofYfip5A
iiTzTimmy VS Shroud! WHO WINS?,iiTzTimmy,UC5v2QgY2D5tlu8uws23MG4Q,2021-06-20T21:00:03Z,15:1,140,4764,165735,8x7QyybFiPE,https://www.youtube.com/watch?v=8x7QyybFiPE
CHAMBER RANKED WITH TSM SUBROZA,iiTzTimmy,UC5v2QgY2D5tlu8uws23MG4Q,2022-08-30T22:00:15Z,8:19,58,2157,61763,b43Au_h0P-Y,https://www.youtube.com/watch?v=b43Au_h0P-Y
I'M CRACKED WITH REYNA,iiTzTimmy,UC5v2QgY2D5tlu8uws23MG4Q,2020-06-23T21:00:01Z,14,39,389,11739,5LVofYfip5A,https://www.youtube.com/watch?v=5LVofYfip5A
THE 5HP CLUTCH ft. tarik,iiTzTimmy,UC5v2QgY2D5tlu8uws23MG4Q,2022-11-24T23:00:00Z,8:58,56,1861,48711,-Ki5RntZ51s,https://www.youtube.com/watch?v=-Ki5RntZ51s
ALMOST VALORANT,iiTzTimmy,UC5v2QgY2D5tlu8uws23MG4Q,2020-05-03T21:00:13Z,10:20,22,206,5610,b55hejGJMg4,https://www.youtube.com/watch?v=b55hejGJMg4
SHROUD V2!?,iiTzTimmy,UC5v2QgY2D5tlu8uws23MG4Q,2022-03-10T23:00:29Z,8:40,169,7555,230488,pZRfbJEUegs,https://www.youtube.com/watch?v=pZRfbJEUegs
CHANNEL UPDATE + HIGH KILL VALORANT GAME,iiTzTimmy,UC5v2QgY2D5tlu8uws23MG4Q,2020-09-16T21:00:05Z,9:33,154,1512,18312,hao25010rdo,https://www.youtube.com/watch?v=hao25010rdo
I'M SO CLOSE TO VALORANT,iiTzTimmy,UC5v2QgY2D5tlu8uws23MG4Q,2020-05-06T21:00:13Z,10:38,15,156,5154,S861BM-8dco,https://www.youtube.com/watch?v=S861BM-8dco
SOLO BRONZE TO PREDATOR IN ONE STREAM | AGAIN BUT BETTER | PART 1,iiTzTimmy,UC5v2QgY2D5tlu8uws23MG4Q,2021-08-15T08:23:30Z,11:21,939,61059,2785204,mJkOe-9P8j0,https://www.youtube.com/watch?v=mJkOe-9P8j0
JETT MAIN?!?,iiTzTimmy,UC5v2QgY2D5tlu8uws23MG4Q,2020-04-17T21:00:01Z,13:16,43,222,5948,-khLycrgglQ,https://www.youtube.com/watch?v=-khLycrgglQ
I DROPPED A 7K DAMAGE GAME WITH POST MALONE,iiTzTimmy,UC5v2QgY2D5tlu8uws23MG4Q,2022-02-25T11:00:05Z,13:20,1796,94670,2852806,ANelzqwfMWI,https://www.youtube.com/watch?v=ANelzqwfMWI
SEN TenZ TRIES *NEW* AGENT HARBOR FOR FIRST TIME !!!,TenZ,UCckPYr9b_iVucz8ID1Q67sw,2022-10-30T00:57:43Z,9:29,292,14673,332522,YJyaei8DKVA,https://www.youtube.com/watch?v=YJyaei8DKVA
I FOUND THE PERFECT CROSSHAIR !!! | SEN TenZ,TenZ,UCckPYr9b_iVucz8ID1Q67sw,2022-11-27T01:02:03Z,9:48,340,11548,252646,_QDQ9oockWk,https://www.youtube.com/watch?v=_QDQ9oockWk
HOW TO GET RADIANT IN 1 MATCH !!! | SEN TenZ,TenZ,UCckPYr9b_iVucz8ID1Q67sw,2022-11-20T01:34:48Z,9:30,373,9278,222846,_249bkFgf2w,https://www.youtube.com/watch?v=_249bkFgf2w
IM BECOMING A YORU MAIN ??? | C9 TenZ,TenZ,UCckPYr9b_iVucz8ID1Q67sw,2021-01-26T22:20:29Z,9:54,482,27714,863695,wZ3AQXB8Vj4,https://www.youtube.com/watch?v=wZ3AQXB8Vj4
TENZ & KYEDAE 1v1 REMATCH IN VALORANT !!!,TenZ,UCckPYr9b_iVucz8ID1Q67sw,2022-09-29T00:01:18Z,11:52,719,36807,800744,FnbTxyJ4jGA,https://www.youtube.com/watch?v=FnbTxyJ4jGA
SEN TenZ *NEW* MOUSE GRIP !!!,TenZ,UCckPYr9b_iVucz8ID1Q67sw,2022-10-24T00:04:44Z,10:15,653,15969,444874,mD732CVqDmA,https://www.youtube.com/watch?v=mD732CVqDmA
THE VALORANT DREAM TEAM ??? | SEN TenZ,TenZ,UCckPYr9b_iVucz8ID1Q67sw,2022-07-27T00:02:58Z,10:25,430,26742,650110,bnL9KsR4HM4,https://www.youtube.com/watch?v=bnL9KsR4HM4
HOW TO WIN ON FRACTURE EVERYTIME !!! | SEN TenZ,TenZ,UCckPYr9b_iVucz8ID1Q67sw,2022-06-29T23:23:05Z,10:44,307,14035,337665,ZQGVDX42TB0,https://www.youtube.com/watch?v=ZQGVDX42TB0
SEN TenZ SMURFING IN VALORANT !!!,TenZ,UCckPYr9b_iVucz8ID1Q67sw,2021-10-27T20:09:09Z,10:34,739,33282,879017,q2PIIMt-zas,https://www.youtube.com/watch?v=q2PIIMt-zas
SEN TenZ ULTIMATE KAYO GUIDE !!!,TenZ,UCckPYr9b_iVucz8ID1Q67sw,2022-11-08T02:25:00Z,10:21,282,7919,179359,8DrfTBHvj9Y,https://www.youtube.com/watch?v=8DrfTBHvj9Y
I GOT +39 ELO IN VALORANT ??? | RANKED W/ Shroud,TenZ,UCckPYr9b_iVucz8ID1Q67sw,2022-08-30T02:27:35Z,10:14,327,15398,401503,DQddR8yX2Hc,https://www.youtube.com/watch?v=DQddR8yX2Hc
SEN TenZ PLAYS GUN GAME IN VALORANT !!!,TenZ,UCckPYr9b_iVucz8ID1Q67sw,2022-06-07T00:00:50Z,13:7,485,27067,715206,iQFIRH3pNAg,https://www.youtube.com/watch?v=iQFIRH3pNAg
HOW TO PLAY NEON LIKE SEN TenZ !!!,TenZ,UCckPYr9b_iVucz8ID1Q67sw,2022-07-03T23:11:45Z,9:39,279,15521,382365,8_H54gxj7jw,https://www.youtube.com/watch?v=8_H54gxj7jw
I 1V1'D MY GIRLFRIEND IN VALORANT !!! | C9 TenZ,TenZ,UCckPYr9b_iVucz8ID1Q67sw,2020-10-07T19:51:38Z,8:7,1018,86862,3455859,FLfw7CtIn9U,https://www.youtube.com/watch?v=FLfw7CtIn9U
2 PROS VS 5 NOOBS IN VALORANT !!! | SEN TENZ,TenZ,UCckPYr9b_iVucz8ID1Q67sw,2022-03-29T00:32:40Z,16:52,1056,76310,1853194,oJSdnwbFLVo,https://www.youtube.com/watch?v=oJSdnwbFLVo
TenZ THOUGHTS ON THE VALORANT RANKED SYSTEM,TenZ,UCckPYr9b_iVucz8ID1Q67sw,2021-04-15T19:59:03Z,9:24,683,18414,407764,Z2i1TF3CIEo,https://www.youtube.com/watch?v=Z2i1TF3CIEo
Becoming the FIRST VALORANT NA (33 KILLS),TenZ,UCckPYr9b_iVucz8ID1Q67sw,2020-05-07T14:37:38Z,48:10,961,24389,1086199,b5gvXtDzxOc,https://www.youtube.com/watch?v=b5gvXtDzxOc
SEN TenZ PLAYS GUN GAME IN VALORANT !!!,TenZ,UCckPYr9b_iVucz8ID1Q67sw,2022-06-07T00:00:50Z,13:7,485,27067,715206,iQFIRH3pNAg,https://www.youtube.com/watch?v=iQFIRH3pNAg
2 PROS VS 5 NOOBS IN VALORANT !!! | SEN TENZ,TenZ,UCckPYr9b_iVucz8ID1Q67sw,2022-03-29T00:32:40Z,16:52,1056,76310,1853194,oJSdnwbFLVo,https://www.youtube.com/watch?v=oJSdnwbFLVo
IS THIS THE BEST *NEW* AGENT ??? Kayo Gameplay | SEN TenZ,TenZ,UCckPYr9b_iVucz8ID1Q67sw,2021-06-20T19:06:55Z,9:29,1126,66255,1827447,Vkxfd5MJXz4,https://www.youtube.com/watch?v=Vkxfd5MJXz4
HOW TO CLIMB VALORANT RANKS !!! | SEN TenZ,TenZ,UCckPYr9b_iVucz8ID1Q67sw,2021-11-03T21:59:25Z,9:54,486,27784,608595,IAtCBPCd3tA,https://www.youtube.com/watch?v=IAtCBPCd3tA
TenZ THOUGHTS ON THE VALORANT RANKED SYSTEM,TenZ,UCckPYr9b_iVucz8ID1Q67sw,2021-04-15T19:59:03Z,9:24,683,18414,407764,Z2i1TF3CIEo,https://www.youtube.com/watch?v=Z2i1TF3CIEo
Becoming the FIRST VALORANT NA (33 KILLS),TenZ,UCckPYr9b_iVucz8ID1Q67sw,2020-05-07T14:37:38Z,48:10,961,24389,1086199,b5gvXtDzxOc,https://www.youtube.com/watch?v=b5gvXtDzxOc
IS THIS THE BEST *NEW* AGENT ??? Kayo Gameplay | SEN TenZ,TenZ,UCckPYr9b_iVucz8ID1Q67sw,2021-06-20T19:06:55Z,9:29,1126,66255,1827447,Vkxfd5MJXz4,https://www.youtube.com/watch?v=Vkxfd5MJXz4
HOW MUCH MONEY HAVE I SPENT ON VALORANT ??? | SEN TenZ,TenZ,UCckPYr9b_iVucz8ID1Q67sw,2021-07-27T23:18:48Z,11:5,852,36302,957544,6s9I7Jr0fZg,https://www.youtube.com/watch?v=6s9I7Jr0fZg
Becoming the FIRST VALORANT NA (33 KILLS),TenZ,UCckPYr9b_iVucz8ID1Q67sw,2020-05-07T14:37:38Z,48:10,961,24389,1086199,b5gvXtDzxOc,https://www.youtube.com/watch?v=b5gvXtDzxOc
TENZ GOES UNDERCOVER IN UNRATED W/ KYEDAE,TenZ,UCckPYr9b_iVucz8ID1Q67sw,2020-12-14T20:10:24Z,9:11,475,38818,1307383,LWoGJPsJOhE,https://www.youtube.com/watch?v=LWoGJPsJOhE
SEN TenZ SHOWS HOW TO OPTIMIZE PC FOR VALORANT !!!,TenZ,UCckPYr9b_iVucz8ID1Q67sw,2021-08-14T00:27:30Z,9:50,847,52770,1286659,i-NucOextD4,https://www.youtube.com/watch?v=i-NucOextD4
I GOT 41 KILLS IN A RADIANT RANKED MATCH ???,TenZ,UCckPYr9b_iVucz8ID1Q67sw,2020-09-28T22:09:21Z,8:14,475,18925,745157,5GEqAlQWdX8,https://www.youtube.com/watch?v=5GEqAlQWdX8
IS THIS THE BEST *NEW* AGENT ??? Kayo Gameplay | SEN TenZ,TenZ,UCckPYr9b_iVucz8ID1Q67sw,2021-06-20T19:06:55Z,9:29,1126,66255,1827447,Vkxfd5MJXz4,https://www.youtube.com/watch?v=Vkxfd5MJXz4
This is what 5000 hours of Raze looks like on Valorant,Flights,UCIfAlCwj-ZPZq5fqjpYDX3w,2021-12-16T15:30:07Z,7:2,1803,108604,3151151,_ycFZvVLyJQ,https://www.youtube.com/watch?v=_ycFZvVLyJQ
Confusing Radiant Streamers with Movement on Valorant,Flights,UCIfAlCwj-ZPZq5fqjpYDX3w,2022-05-24T14:00:35Z,7:12,2925,119458,3425754,K60xur_5IIQ,https://www.youtube.com/watch?v=K60xur_5IIQ
This is what a RADIANT Raze player looks like...,Flights,UCIfAlCwj-ZPZq5fqjpYDX3w,2022-04-06T14:29:16Z,8:9,1164,54474,1439729,ORaNu0juKw4,https://www.youtube.com/watch?v=ORaNu0juKw4
What 2000 hours of Aggressive plays look like on Valorant,Flights,UCIfAlCwj-ZPZq5fqjpYDX3w,2021-06-07T16:11:59Z,9:1,1001,49687,1373645,k2ZV8ZKTXuo,https://www.youtube.com/watch?v=k2ZV8ZKTXuo
The NEW FASTEST Valorant player...,Flights,UCIfAlCwj-ZPZq5fqjpYDX3w,2022-03-07T15:43:08Z,8:8,1128,53100,1362253,CJFPeOEcbf0,https://www.youtube.com/watch?v=CJFPeOEcbf0
What 2000 hours of Aggressive plays look like on Valorant,Flights,UCIfAlCwj-ZPZq5fqjpYDX3w,2021-06-07T16:11:59Z,9:1,1001,49687,1373645,k2ZV8ZKTXuo,https://www.youtube.com/watch?v=k2ZV8ZKTXuo
The FASTEST Raze player on Valorant,Flights,UCIfAlCwj-ZPZq5fqjpYDX3w,2021-10-13T14:30:16Z,7:44,3233,151201,5140070,tEpGvHxhHDw,https://www.youtube.com/watch?v=tEpGvHxhHDw
The most aggressive player on Valorant,Flights,UCIfAlCwj-ZPZq5fqjpYDX3w,2021-05-17T17:00:10Z,8:3,1230,75333,2519416,QmjOdlyKTRU,https://www.youtube.com/watch?v=QmjOdlyKTRU
The FASTEST player on Valorant,Flights,UCIfAlCwj-ZPZq5fqjpYDX3w,2021-08-30T15:00:01Z,7:9,1823,91001,2565542,3mrgkED2FhQ,https://www.youtube.com/watch?v=3mrgkED2FhQ
The FASTEST Movement player on Valorant,Flights,UCIfAlCwj-ZPZq5fqjpYDX3w,2021-11-23T15:00:19Z,8:2,1079,51563,1608510,ipPwhxOY7-o,https://www.youtube.com/watch?v=ipPwhxOY7-o
"This is what 100,000 Kills on Raze looks like...",Flights,UCIfAlCwj-ZPZq5fqjpYDX3w,2022-01-30T15:30:04Z,7:15,1285,67960,1823867,b6Z-We5LBpc,https://www.youtube.com/watch?v=b6Z-We5LBpc
What a Radiant RAZE player looks like on Valorant,Flights,UCIfAlCwj-ZPZq5fqjpYDX3w,2020-11-05T18:00:06Z,6:45,1648,46836,1032430,QAXycxY8e5Y,https://www.youtube.com/watch?v=QAXycxY8e5Y
Killing Twitch Streamers with Aggressive RAZE plays on Valorant,Flights,UCIfAlCwj-ZPZq5fqjpYDX3w,2020-12-30T18:00:13Z,8:4,1539,64975,1621607,q1GOSasgT68,https://www.youtube.com/watch?v=q1GOSasgT68
The FASTEST Movement player on Valorant,Flights,UCIfAlCwj-ZPZq5fqjpYDX3w,2021-11-23T15:00:19Z,8:2,1079,51563,1608510,ipPwhxOY7-o,https://www.youtube.com/watch?v=ipPwhxOY7-o
How to carry Top 500 Radiant players with RAZE on Valorant,Flights,UCIfAlCwj-ZPZq5fqjpYDX3w,2021-02-26T17:59:22Z,8:29,1034,52093,1660876,ynBRVjEem9w,https://www.youtube.com/watch?v=ynBRVjEem9w
How to carry Top 500 Radiant players with RAZE on Valorant,Flights,UCIfAlCwj-ZPZq5fqjpYDX3w,2021-02-26T17:59:22Z,8:29,1034,52093,1660876,ynBRVjEem9w,https://www.youtube.com/watch?v=ynBRVjEem9w
Killing Twitch Streamers with Aggressive RAZE plays on Valorant,Flights,UCIfAlCwj-ZPZq5fqjpYDX3w,2020-12-30T18:00:13Z,8:4,1539,64975,1621607,q1GOSasgT68,https://www.youtube.com/watch?v=q1GOSasgT68
How to play RAZE like a Radiant player on Valorant,Flights,UCIfAlCwj-ZPZq5fqjpYDX3w,2021-03-15T18:00:16Z,8:1,958,52508,1484437,_QNfxIP-usU,https://www.youtube.com/watch?v=_QNfxIP-usU
Aggressive RAZE plays with the Operator on Valorant,Flights,UCIfAlCwj-ZPZq5fqjpYDX3w,2020-08-17T17:30:45Z,8:14,2377,61026,2324856,hCAlzRhoKY4,https://www.youtube.com/watch?v=hCAlzRhoKY4
INSANE RAZE Movement on Valorant,Flights,UCIfAlCwj-ZPZq5fqjpYDX3w,2020-07-12T12:30:00Z,4:9,1793,41679,1435505,12EGI8et6no,https://www.youtube.com/watch?v=12EGI8et6no
Valorant but I'm already in your spawn,Flights,UCIfAlCwj-ZPZq5fqjpYDX3w,2021-08-10T16:13:32Z,7:12,2904,154318,4276276,YzA4Y1BBVTQ,https://www.youtube.com/watch?v=YzA4Y1BBVTQ
Aggressive RAZE plays with the Operator on Valorant,Flights,UCIfAlCwj-ZPZq5fqjpYDX3w,2020-08-17T17:30:45Z,8:14,2377,61026,2324856,hCAlzRhoKY4,https://www.youtube.com/watch?v=hCAlzRhoKY4
What 1000 hours of Aggressive RAZE plays look like on Valorant,Flights,UCIfAlCwj-ZPZq5fqjpYDX3w,2020-09-08T16:50:04Z,6:6,3786,149667,4131458,WroYTLG1Vbs,https://www.youtube.com/watch?v=WroYTLG1Vbs
BEST Aggressive RAZE plays on Valorant,Flights,UCIfAlCwj-ZPZq5fqjpYDX3w,2020-07-05T16:07:39Z,5:10,2507,64832,2956528,GnDivux5MfM,https://www.youtube.com/watch?v=GnDivux5MfM
This is why Riot nerfed Raze AGAIN...,Flights,UCIfAlCwj-ZPZq5fqjpYDX3w,2021-09-22T15:06:27Z,8:31,1161,52903,1576688,U1hiBJ4mVcQ,https://www.youtube.com/watch?v=U1hiBJ4mVcQ
How I made Aggressive RAZE plays popular on Valorant,Flights,UCIfAlCwj-ZPZq5fqjpYDX3w,2020-07-26T13:29:31Z,3:20,2306,44557,980221,sh_Vqame--U,https://www.youtube.com/watch?v=sh_Vqame--U
Aggressive RAZE plays with the Operator on Valorant,Flights,UCIfAlCwj-ZPZq5fqjpYDX3w,2020-08-17T17:30:45Z,8:14,2377,61026,2324856,hCAlzRhoKY4,https://www.youtube.com/watch?v=hCAlzRhoKY4
BEST RAZE Movement on Valorant,Flights,UCIfAlCwj-ZPZq5fqjpYDX3w,2020-06-07T12:30:01Z,4:15,1606,36042,1098177,BA4h7zoJbaU,https://www.youtube.com/watch?v=BA4h7zoJbaU
What 1000 hours of Radiant RAZE plays look like on Valorant,Flights,UCIfAlCwj-ZPZq5fqjpYDX3w,2020-12-01T18:27:08Z,6:20,2767,85917,2412297,S0ecXxTIQps,https://www.youtube.com/watch?v=S0ecXxTIQps
ADVANCED RAZE Satchel boost TUTORIAL/GUIDE on Valorant,Flights,UCIfAlCwj-ZPZq5fqjpYDX3w,2020-06-14T12:30:04Z,4:37,1246,56025,1988043,pXfULD_Ser0,https://www.youtube.com/watch?v=pXfULD_Ser0
"""Sage Is A Broken Agent""",Grim,UCWphjEePrzIrRA5mwcOt_4Q,2022-11-19T17:00:43Z,8:44,276,12676,269853,t4eYFPMF5yI,https://www.youtube.com/watch?v=t4eYFPMF5yI
Grim walls vs. Radiant Streamers,Grim,UCWphjEePrzIrRA5mwcOt_4Q,2022-11-02T14:00:25Z,8:23,357,19272,486004,ob0aDpZ38zA,https://www.youtube.com/watch?v=ob0aDpZ38zA
The most aggressive Sage Walls on Valorant,Grim,UCWphjEePrzIrRA5mwcOt_4Q,2022-09-23T14:00:26Z,9:1,888,22055,514307,f4xU6cvx7MI,https://www.youtube.com/watch?v=f4xU6cvx7MI
"""Sage Your Walls Are Unfair""",Grim,UCWphjEePrzIrRA5mwcOt_4Q,2022-10-03T13:00:07Z,8:32,345,18521,464345,6vr8c3vzigE,https://www.youtube.com/watch?v=6vr8c3vzigE
Why Streamers Hate My Sage Walls,Grim,UCWphjEePrzIrRA5mwcOt_4Q,2022-08-24T13:00:33Z,9:11,740,32693,879299,hWDglcMCcwk,https://www.youtube.com/watch?v=hWDglcMCcwk
How I Became the Best Sage Player...,Grim,UCWphjEePrzIrRA5mwcOt_4Q,2022-08-15T16:00:22Z,8:54,833,22689,565117,fY1iqpzgOjY,https://www.youtube.com/watch?v=fY1iqpzgOjY
"""Sage Players are Bad""",Grim,UCWphjEePrzIrRA5mwcOt_4Q,2022-07-28T15:00:32Z,8:42,589,28952,708540,YAeuXQLVn6s,https://www.youtube.com/watch?v=YAeuXQLVn6s
"""sage how are you there""",Grim,UCWphjEePrzIrRA5mwcOt_4Q,2022-07-11T16:00:36Z,9:3,453,25466,618906,rrM40jXbLxg,https://www.youtube.com/watch?v=rrM40jXbLxg
"""Who Plays Sage in Radiant?""",Grim,UCWphjEePrzIrRA5mwcOt_4Q,2022-10-21T13:00:42Z,9:37,321,21188,542026,yGil1X1vrt0,https://www.youtube.com/watch?v=yGil1X1vrt0
"""Sage your Walls are Useless""",Grim,UCWphjEePrzIrRA5mwcOt_4Q,2022-09-02T13:00:39Z,9:22,1191,44914,1144846,wcM9WHC9QyM,https://www.youtube.com/watch?v=wcM9WHC9QyM
"This is what 50,000 Kills on Sage looks like...",Grim,UCWphjEePrzIrRA5mwcOt_4Q,2022-07-02T16:00:07Z,10:37,587,31518,712999,IcT_MqoiVNA,https://www.youtube.com/watch?v=IcT_MqoiVNA
I Climbed to Radiant using Sage Only...,Grim,UCWphjEePrzIrRA5mwcOt_4Q,2022-06-08T16:00:08Z,8:43,617,40303,1032902,9slgE--9nvk,https://www.youtube.com/watch?v=9slgE--9nvk
Making RADIANT look like Iron using SAGE walls,Grim,UCWphjEePrzIrRA5mwcOt_4Q,2021-03-16T12:58:17Z,3:5,374,7245,149852,Qdq1Ioaapok,https://www.youtube.com/watch?v=Qdq1Ioaapok
This is what 5000 hours on Sage looks like...,Grim,UCWphjEePrzIrRA5mwcOt_4Q,2021-12-11T17:00:33Z,8:12,1686,86524,2954646,e5OFGDvmoHE,https://www.youtube.com/watch?v=e5OFGDvmoHE
The FASTEST Sage player on Valorant,Grim,UCWphjEePrzIrRA5mwcOt_4Q,2021-12-24T17:00:27Z,8:29,468,18736,446081,cqqanb7hx4o,https://www.youtube.com/watch?v=cqqanb7hx4o
Valorant But Only Using Sage Walls,Grim,UCWphjEePrzIrRA5mwcOt_4Q,2022-04-01T16:00:04Z,8:42,585,33589,866448,8_tAhPUnfyo,https://www.youtube.com/watch?v=8_tAhPUnfyo
How I became the most AGGRESSIVE SAGE main on Valorant,Grim,UCWphjEePrzIrRA5mwcOt_4Q,2020-10-17T20:42:59Z,3:51,507,12476,214836,smaItNJXpSE,https://www.youtube.com/watch?v=smaItNJXpSE
What 1000 hours of SAGE WALLS look like on Valorant,Grim,UCWphjEePrzIrRA5mwcOt_4Q,2021-03-31T13:58:00Z,2:44,323,5539,94741,dqrQVIYw9q8,https://www.youtube.com/watch?v=dqrQVIYw9q8
The BEST Battle Sage in Valorant,Grim,UCWphjEePrzIrRA5mwcOt_4Q,2021-01-30T16:51:30Z,3:42,384,9465,188023,-RF4sOyZR4Y,https://www.youtube.com/watch?v=-RF4sOyZR4Y
"""Sage you are so smart""",Grim,UCWphjEePrzIrRA5mwcOt_4Q,2021-10-31T16:00:19Z,9:4,346,16581,365235,K7apjf-mO38,https://www.youtube.com/watch?v=K7apjf-mO38
"""sage WHAT is that movement""",Grim,UCWphjEePrzIrRA5mwcOt_4Q,2021-10-04T17:31:44Z,9:4,571,16842,428044,M8qeNPbV0r8,https://www.youtube.com/watch?v=M8qeNPbV0r8
"""sage stop playing like grim""",Grim,UCWphjEePrzIrRA5mwcOt_4Q,2021-11-25T17:00:01Z,8:1,511,27092,786771,0YEEu6rde3E,https://www.youtube.com/watch?v=0YEEu6rde3E
RADIANT SAGE MAIN IN VALORANT,Grim,UCWphjEePrzIrRA5mwcOt_4Q,2021-03-22T12:59:49Z,2:21,378,5818,101856,bFAZWopiG0c,https://www.youtube.com/watch?v=bFAZWopiG0c
"""sage is a wall demon""",Grim,UCWphjEePrzIrRA5mwcOt_4Q,2022-01-03T17:00:21Z,8:34,796,43436,975974,eCOZoyMNLfQ,https://www.youtube.com/watch?v=eCOZoyMNLfQ
"""Sage what is that wall?""",Grim,UCWphjEePrzIrRA5mwcOt_4Q,2021-03-06T16:37:53Z,2:17,384,6889,140789,Y0DZqFzkXlE,https://www.youtube.com/watch?v=Y0DZqFzkXlE
How SAGE WALLS got me Radiant in Valorant,Grim,UCWphjEePrzIrRA5mwcOt_4Q,2021-02-11T12:30:07Z,3:44,251,5116,98901,Tss_mwhB4VM,https://www.youtube.com/watch?v=Tss_mwhB4VM
"""sage what is that angle?""",Grim,UCWphjEePrzIrRA5mwcOt_4Q,2022-01-27T17:00:00Z,8:17,402,24260,559513,-3MYi_CXQJk,https://www.youtube.com/watch?v=-3MYi_CXQJk
How I made SAGE the BEST AGENT IN VALORANT,Grim,UCWphjEePrzIrRA5mwcOt_4Q,2020-11-22T16:12:13Z,3:7,680,17401,271679,Z3tZCJ0ckPM,https://www.youtube.com/watch?v=Z3tZCJ0ckPM
"""sage got boosted to radiant""",Grim,UCWphjEePrzIrRA5mwcOt_4Q,2021-09-16T16:18:13Z,9:19,876,36185,930404,3LaSSsoO-v4,https://www.youtube.com/watch?v=3LaSSsoO-v4
Big Brain SAGE WALLS on Valorant,Grim,UCWphjEePrzIrRA5mwcOt_4Q,2021-03-19T12:57:58Z,2:13,248,4929,82658,kABRuJE-Md4,https://www.youtube.com/watch?v=kABRuJE-Md4
KYEDAE TRIES *NEW* AGENT HARBOR IN VALORANT !!!,Kyedae,UCxjdy5n9BxX_6RTL8Dt_7pg,2022-10-15T00:30:40Z,10:24,277,13593,365591,6xEw95MTG_0,https://www.youtube.com/watch?v=6xEw95MTG_0
Kyedae & TenZ GO UNDERCOVER IN VALORANT !!!,Kyedae,UCxjdy5n9BxX_6RTL8Dt_7pg,2022-06-11T22:59:58Z,9:37,448,32640,756275,dYy3TZ2D07s,https://www.youtube.com/watch?v=dYy3TZ2D07s
KYEDAE CARRIES OTV IN VALORANT !!! W/ Pokimane & LilyPichu,Kyedae,UCxjdy5n9BxX_6RTL8Dt_7pg,2022-10-23T22:55:26Z,10:1,111,7441,196776,3FM3pD6MOsM,https://www.youtube.com/watch?v=3FM3pD6MOsM
Kyedae & TenZ GO UNDERCOVER IN VALORANT | Part 2,Kyedae,UCxjdy5n9BxX_6RTL8Dt_7pg,2022-06-29T02:36:50Z,9:7,257,14146,381760,AWvYn5XDfGU,https://www.youtube.com/watch?v=AWvYn5XDfGU
I REACHED ASCENDANT !!! | Kyedae's Road to Radiant,Kyedae,UCxjdy5n9BxX_6RTL8Dt_7pg,2022-08-23T22:19:07Z,8:55,476,18037,489123,QkPHGqAAMk0,https://www.youtube.com/watch?v=QkPHGqAAMk0
KYEDAE VS TOXIC TEAMMATES IN VALORANT !!!,Kyedae,UCxjdy5n9BxX_6RTL8Dt_7pg,2021-10-07T01:12:01Z,8:22,681,19209,449771,LBxWbjOOFmc,https://www.youtube.com/watch?v=LBxWbjOOFmc
"KYEDAE PLAYS VALORANT W/ Corpse , Valkyrae, Sykkuno & Natsumiii",Kyedae,UCxjdy5n9BxX_6RTL8Dt_7pg,2022-05-24T00:05:01Z,8:4,175,14214,304519,QXl4npUsBtc,https://www.youtube.com/watch?v=QXl4npUsBtc
KYEDAE PLAYS WITH THE MOST TOXIC TEAMMATES IN VALORANT !!!,Kyedae,UCxjdy5n9BxX_6RTL8Dt_7pg,2021-08-20T02:59:10Z,8:43,2881,47252,1159467,MaKHi2fBaFI,https://www.youtube.com/watch?v=MaKHi2fBaFI
THIS WAS MY HARDEST MATCH EVER !!! | Kyedae's Road to Radiant,Kyedae,UCxjdy5n9BxX_6RTL8Dt_7pg,2022-07-11T22:16:52Z,10:25,272,12810,319200,fQqJArjlp84,https://www.youtube.com/watch?v=fQqJArjlp84
KYEDAE PLAYS RANKED VALORANT WITH TenZ !!!,Kyedae,UCxjdy5n9BxX_6RTL8Dt_7pg,2021-02-16T19:38:26Z,8:44,763,52001,1767800,UrxRGgYKcgI,https://www.youtube.com/watch?v=UrxRGgYKcgI
KYEDAE PLAYS JAPANESE VALORANT SERVERS !!!,Kyedae,UCxjdy5n9BxX_6RTL8Dt_7pg,2022-07-29T01:07:26Z,9:16,307,13081,391350,K58jf2S1Gxg,https://www.youtube.com/watch?v=K58jf2S1Gxg
Kyedae & TenZ PLAY VALORANT TOGETHER !!!,Kyedae,UCxjdy5n9BxX_6RTL8Dt_7pg,2021-07-26T00:52:27Z,8:20,831,51214,1213634,HSRdUlr6ZTA,https://www.youtube.com/watch?v=HSRdUlr6ZTA
TEACHING MY SISTER HOW TO PLAY VALORANT !!! | KYEDAE,Kyedae,UCxjdy5n9BxX_6RTL8Dt_7pg,2021-01-11T00:23:32Z,8:34,389,17440,520760,1te4f54FZEE,https://www.youtube.com/watch?v=1te4f54FZEE
100T Kyedae SPEAKING JAPANESE IN VALORANT !!!,Kyedae,UCxjdy5n9BxX_6RTL8Dt_7pg,2022-02-24T00:11:36Z,8:5,725,26976,605172,MP2o_B-j1fA,https://www.youtube.com/watch?v=MP2o_B-j1fA
KYEDAE CARRYING *TOXIC* TEAMMATES IN RANKED !!!,Kyedae,UCxjdy5n9BxX_6RTL8Dt_7pg,2021-04-02T23:01:12Z,10:4,4454,72290,1867191,umf7gjD65ok,https://www.youtube.com/watch?v=umf7gjD65ok
ROAD TO RADIANT W/ KYEDAE !!!,Kyedae,UCxjdy5n9BxX_6RTL8Dt_7pg,2021-02-03T20:27:34Z,8:53,771,22429,629591,QlHuVhn9Pb8,https://www.youtube.com/watch?v=QlHuVhn9Pb8
I REACHED PLATINUM IN VALORANT !!! | Road To Radiant,Kyedae,UCxjdy5n9BxX_6RTL8Dt_7pg,2021-10-26T22:39:50Z,8:10,1169,29681,913969,dPQibVT2zBE,https://www.youtube.com/watch?v=dPQibVT2zBE
"The Valorant God Squad! W/ TenZ, Pokimane, Myth & ShahZam",Kyedae,UCxjdy5n9BxX_6RTL8Dt_7pg,2021-06-25T00:26:43Z,9:32,333,20721,621506,AGz79G4NUaE,https://www.youtube.com/watch?v=AGz79G4NUaE
Kyedae & 39Daph PLAY VALORANT TOGETHER !!!,Kyedae,UCxjdy5n9BxX_6RTL8Dt_7pg,2021-06-07T01:49:14Z,8:18,466,15097,337653,siVRdPNuq2w,https://www.youtube.com/watch?v=siVRdPNuq2w
Kyedae vs TenZ 1v1 USING *NEW* AGENT FADE !!!,Kyedae,UCxjdy5n9BxX_6RTL8Dt_7pg,2022-05-03T00:42:19Z,8:25,342,34710,928594,64qgJAVbHL8,https://www.youtube.com/watch?v=64qgJAVbHL8
KYEDAE PLAYS VALORANT WITH OTV AND FRIENDS !!!,Kyedae,UCxjdy5n9BxX_6RTL8Dt_7pg,2022-04-13T23:58:21Z,8:23,101,9438,228034,K9sd-VrEp5E,https://www.youtube.com/watch?v=K9sd-VrEp5E
KYEDAE & VALKYRAE PLAY VALORANT TOGETHER !!!,Kyedae,UCxjdy5n9BxX_6RTL8Dt_7pg,2021-04-19T00:44:17Z,8:16,447,26272,650151,WUB0yxFPcus,https://www.youtube.com/watch?v=WUB0yxFPcus
"KYEDAE PLAYS VALORANT WITH 100 THIEVES SQUAD !!! | W/ NadeShot, Noahj, JHB",Kyedae,UCxjdy5n9BxX_6RTL8Dt_7pg,2021-04-16T21:35:01Z,8:23,248,9905,204718,MNZnm25k46o,https://www.youtube.com/watch?v=MNZnm25k46o
FIRST LOOK AT THE *NEW* AGENT FADE | 100T Kyedae,Kyedae,UCxjdy5n9BxX_6RTL8Dt_7pg,2022-04-30T00:10:21Z,8:6,140,7345,136387,HYint1YiCTw,https://www.youtube.com/watch?v=HYint1YiCTw
I REACHED DIAMOND !!! | Kyedae's Road to Radiant,Kyedae,UCxjdy5n9BxX_6RTL8Dt_7pg,2022-05-15T00:30:51Z,8:14,837,23574,501733,-s8LSqo29z8,https://www.youtube.com/watch?v=-s8LSqo29z8
I GOT TO GOLD RANK !!! | Road To Radiant,Kyedae,UCxjdy5n9BxX_6RTL8Dt_7pg,2021-05-23T14:02:06Z,9:34,616,15803,413513,-HGRtKpgyBw,https://www.youtube.com/watch?v=-HGRtKpgyBw
I REACHED DIAMOND !!! | Kyedae's Road to Radiant,Kyedae,UCxjdy5n9BxX_6RTL8Dt_7pg,2022-05-15T00:30:51Z,8:14,837,23574,501733,-s8LSqo29z8,https://www.youtube.com/watch?v=-s8LSqo29z8
Kyedae & Nadeshot VS Tarik In Valorant !!!,Kyedae,UCxjdy5n9BxX_6RTL8Dt_7pg,2022-03-24T22:59:43Z,11:9,362,18133,425840,NFjLI00pimA,https://www.youtube.com/watch?v=NFjLI00pimA
KYEDAE PLAYS WITH FINALMOUSE STARLIGHT !!! | Road To Radiant,Kyedae,UCxjdy5n9BxX_6RTL8Dt_7pg,2021-08-10T21:02:28Z,10:14,287,11200,298725,M5kI0DTeDJU,https://www.youtube.com/watch?v=M5kI0DTeDJU
KYEDAE TEACHING TENZ HOW TO PLAY VALORANT !!!,Kyedae,UCxjdy5n9BxX_6RTL8Dt_7pg,2021-04-08T23:57:45Z,9:43,900,42852,1324660,MDguD7o8z_A,https://www.youtube.com/watch?v=MDguD7o8z_A
"ROOMIES VALORANT! ft. Valkyrae, Sykkuno, Kkatamina, Yvonnie",fuslie,UCujyjxsq5FZNVnQro51zKSQ,2022-04-18T21:00:08Z,39:45,75,5496,135821,A6NCiTF9quA,https://www.youtube.com/watch?v=A6NCiTF9quA
"THE CRAZIEST VALORANT GAME EVER!! ft. Valkyrae, Sykkuno, Ryan Higa, Edison",fuslie,UCujyjxsq5FZNVnQro51zKSQ,2021-02-23T22:00:05Z,23:32,330,15455,337517,94tSI72VEXg,https://www.youtube.com/watch?v=94tSI72VEXg
I GOT HUMBLED BY RANDOMS IN VALORANT...,fuslie,UCujyjxsq5FZNVnQro51zKSQ,2021-11-28T22:00:01Z,30:21,237,7935,117957,3MCR4vfhiFI,https://www.youtube.com/watch?v=3MCR4vfhiFI
i never know what side we are on in valorant...,fuslie,UCujyjxsq5FZNVnQro51zKSQ,2022-02-01T02:30:10Z,13:32,65,3661,49183,H_XtS3CC2Hs,https://www.youtube.com/watch?v=H_XtS3CC2Hs
I MET THE CUTEST KIDS IN VALORANT AND RAIDED THEIR STREAM!,fuslie,UCujyjxsq5FZNVnQro51zKSQ,2021-07-06T21:00:09Z,36:24,553,17817,225795,S8-c4cgWVgk,https://www.youtube.com/watch?v=S8-c4cgWVgk
BACKROOMS w rae syk wondy and then Valorant!!,fuslie,UCujyjxsq5FZNVnQro51zKSQ,2022-10-29T03:06:45Z,6:42:45,44,3972,131018,_LjXJvPGbRU,https://www.youtube.com/watch?v=_LjXJvPGbRU
i asked randoms in valorant if they know who i am ft. Kkatamina,fuslie,UCujyjxsq5FZNVnQro51zKSQ,2022-06-13T21:00:29Z,18:7,90,2633,35838,kWrjQTc3XjA,https://www.youtube.com/watch?v=kWrjQTc3XjA
"""WHAT IS SO FUNNY GARRETT?!"" - VALORANT ft. Ramee, LordKebun, Autumn",fuslie,UCujyjxsq5FZNVnQro51zKSQ,2021-07-10T21:00:06Z,15:8,57,3408,52807,Nhs664t9JYc,https://www.youtube.com/watch?v=Nhs664t9JYc
I met a Valorant duo and made it very awkward...,fuslie,UCujyjxsq5FZNVnQro51zKSQ,2022-10-08T19:00:18Z,35:40,150,5418,94238,OVPxdNtmISs,https://www.youtube.com/watch?v=OVPxdNtmISs
I KILLED VALORANT PROS TENZ & TARIK! (VALORANT PROS VS NOOBS),fuslie,UCujyjxsq5FZNVnQro51zKSQ,2022-05-06T21:00:18Z,29:4,24,1811,27941,V3-kWKfj-Gk,https://www.youtube.com/watch?v=V3-kWKfj-Gk
"what it's like playing valorant with tarik ft. Sykkuno, Disguised Toast, Kkatamina",fuslie,UCujyjxsq5FZNVnQro51zKSQ,2022-06-03T21:00:09Z,19:2,45,3294,68041,NeeJqVP0ssE,https://www.youtube.com/watch?v=NeeJqVP0ssE
CUBE GANG PLAYS VALORANT,fuslie,UCujyjxsq5FZNVnQro51zKSQ,2022-03-29T21:00:08Z,34:4,37,2573,49017,9YqfKWW9MRk,https://www.youtube.com/watch?v=9YqfKWW9MRk
SOLO QUEUE VALO #TwistedTeaPartner !TwistedTea,fuslie,UCujyjxsq5FZNVnQro51zKSQ,2022-11-06T02:33:36Z,2:35:5,70,3724,97017,kRSQiuvJRi0,https://www.youtube.com/watch?v=kRSQiuvJRi0
chattin' with y'all and then Disney Dreamlight Valley!! #ad,fuslie,UCujyjxsq5FZNVnQro51zKSQ,2022-10-26T06:40:21Z,5:45:27,25,4042,92925,_Ioc_KK4Xsc,https://www.youtube.com/watch?v=_Ioc_KK4Xsc
"what happens when the valorant queue is too long... ft. Valkyrae, Sykkuno, RatedEpicz",fuslie,UCujyjxsq5FZNVnQro51zKSQ,2022-03-05T22:00:18Z,30:24,43,3646,75303,d_xoa_BjUVM,https://www.youtube.com/watch?v=d_xoa_BjUVM
"what it's like playing valorant with tarik ft. Sykkuno, Disguised Toast, Kkatamina",fuslie,UCujyjxsq5FZNVnQro51zKSQ,2022-06-03T21:00:09Z,19:2,45,3294,68041,NeeJqVP0ssE,https://www.youtube.com/watch?v=NeeJqVP0ssE
This Valorant Random Wouldn't Stop Talking About Valkyrae...,fuslie,UCujyjxsq5FZNVnQro51zKSQ,2022-11-09T20:00:30Z,24:47,80,2833,60014,rqtDnpoHD_E,https://www.youtube.com/watch?v=rqtDnpoHD_E
I Pretended to be Kyedae in Valorant Until This Happened...,fuslie,UCujyjxsq5FZNVnQro51zKSQ,2022-06-30T21:00:32Z,19:51,97,4745,67152,oIAR2_oYWEA,https://www.youtube.com/watch?v=oIAR2_oYWEA
"WOMEN'S VALORANT SHOWDOWN ft. xChocoBars, BrookeAB, Yvonnie",fuslie,UCujyjxsq5FZNVnQro51zKSQ,2022-01-06T22:00:31Z,29:35,65,3297,57624,yGD3yL6_GpE,https://www.youtube.com/watch?v=yGD3yL6_GpE
SOLO QUEUE VALO #TwistedTeaPartner !TwistedTea,fuslie,UCujyjxsq5FZNVnQro51zKSQ,2022-11-06T02:33:36Z,2:35:5,70,3724,97017,kRSQiuvJRi0,https://www.youtube.com/watch?v=kRSQiuvJRi0
"what happens when the valorant queue is too long... ft. Valkyrae, Sykkuno, RatedEpicz",fuslie,UCujyjxsq5FZNVnQro51zKSQ,2022-03-05T22:00:18Z,30:24,43,3646,75303,d_xoa_BjUVM,https://www.youtube.com/watch?v=d_xoa_BjUVM
"never be the last one to leave the discord call... ft. Valkyrae, Sykkuno, RatedEpicz",fuslie,UCujyjxsq5FZNVnQro51zKSQ,2022-02-28T22:03:59Z,32:28,75,4536,77035,MlDTUj8CTec,https://www.youtube.com/watch?v=MlDTUj8CTec
"WOMEN'S VALORANT SHOWDOWN ft. xChocoBars, BrookeAB, Yvonnie",fuslie,UCujyjxsq5FZNVnQro51zKSQ,2022-01-06T22:00:31Z,29:35,65,3297,57624,yGD3yL6_GpE,https://www.youtube.com/watch?v=yGD3yL6_GpE
BACKROOMS w rae syk wondy and then Valorant!!,fuslie,UCujyjxsq5FZNVnQro51zKSQ,2022-10-29T03:06:45Z,6:42:45,44,3972,131018,_LjXJvPGbRU,https://www.youtube.com/watch?v=_LjXJvPGbRU
I KILLED VALORANT PROS TENZ & TARIK! (VALORANT PROS VS NOOBS),fuslie,UCujyjxsq5FZNVnQro51zKSQ,2022-05-06T21:00:18Z,29:4,24,1811,27941,V3-kWKfj-Gk,https://www.youtube.com/watch?v=V3-kWKfj-Gk
I GOT COACHED BY TENZ! (BLINDFOLDED VALORANT),fuslie,UCujyjxsq5FZNVnQro51zKSQ,2022-05-08T21:00:38Z,24:37,28,1836,27927,hzuhczmOvnQ,https://www.youtube.com/watch?v=hzuhczmOvnQ
playing CS:GO for the first time after a year of VALORANT...,fuslie,UCujyjxsq5FZNVnQro51zKSQ,2021-03-25T21:00:03Z,22:39,121,4135,56154,GLdGrW6hDeE,https://www.youtube.com/watch?v=GLdGrW6hDeE
"the MOST TROLL valorant game ever ft. Sykkuno, Yvonnie, Kkatamina, Edison",fuslie,UCujyjxsq5FZNVnQro51zKSQ,2021-03-13T22:00:04Z,24:36,99,6798,124228,HN6ATt7DaTY,https://www.youtube.com/watch?v=HN6ATt7DaTY
i met disguised toast's biggest fan in a valorant game,fuslie,UCujyjxsq5FZNVnQro51zKSQ,2022-06-08T21:00:16Z,14:4,182,7000,96702,fQCnWUSbwRk,https://www.youtube.com/watch?v=fQCnWUSbwRk
"RAMEE AND MIYOUNG FLAME ME! ft. Sykkuno, Kkatamina, Edison",fuslie,UCujyjxsq5FZNVnQro51zKSQ,2022-01-21T22:00:35Z,28:7,123,6472,139170,zVrydms-DRo,https://www.youtube.com/watch?v=zVrydms-DRo
One of the BEST Plays I have Ever Done...,tarik,UCTbtlMEiBfs0zZLQyJzR0Uw,2022-11-29T03:00:13Z,15,20,1400,23450,Ey87V50grtU,https://www.youtube.com/watch?v=Ey87V50grtU
This is Why I Hate Valorant,tarik,UCTbtlMEiBfs0zZLQyJzR0Uw,2022-11-28T23:00:53Z,11:28,149,7100,154995,CnK0b8wYg54,https://www.youtube.com/watch?v=CnK0b8wYg54
"""I am so close to being Rank 1...""",tarik,UCTbtlMEiBfs0zZLQyJzR0Uw,2022-11-22T04:00:07Z,11:52,264,11701,243376,VAvRll9x3cs,https://www.youtube.com/watch?v=VAvRll9x3cs
How I Carried the Best Valorant Player in the World...,tarik,UCTbtlMEiBfs0zZLQyJzR0Uw,2022-11-19T04:00:05Z,12,191,10941,257351,L66qmYjIZa4,https://www.youtube.com/watch?v=L66qmYjIZa4
"How I won a $50,000 PRO VALORANT Tournament...",tarik,UCTbtlMEiBfs0zZLQyJzR0Uw,2022-11-09T11:56:08Z,41:22,355,25720,574203,njT5xIAQ4Gs,https://www.youtube.com/watch?v=njT5xIAQ4Gs
I have to give up on reaching RANK 1...,tarik,UCTbtlMEiBfs0zZLQyJzR0Uw,2022-11-27T01:02:00Z,11:11,139,8917,202793,HgoiuTN_sn4,https://www.youtube.com/watch?v=HgoiuTN_sn4
"WHAT 100,000 HOURS OF CS:GO LOOKS LIKE IN VALORANT",tarik,UCTbtlMEiBfs0zZLQyJzR0Uw,2022-11-23T14:24:03Z,10:59,156,11280,221229,7VyT-hSawkE,https://www.youtube.com/watch?v=7VyT-hSawkE
I Hired This VALORANT Pro to Make Me RANK 1,tarik,UCTbtlMEiBfs0zZLQyJzR0Uw,2022-11-13T12:15:28Z,11:36,144,9476,241005,H_Qvt0uR2Ks,https://www.youtube.com/watch?v=H_Qvt0uR2Ks
Why I will never go pro in Valorant...,tarik,UCTbtlMEiBfs0zZLQyJzR0Uw,2022-11-17T16:00:22Z,11:20,303,11875,295989,la96s952wcA,https://www.youtube.com/watch?v=la96s952wcA
What the TOP 1% of VALORANT looks like...,tarik,UCTbtlMEiBfs0zZLQyJzR0Uw,2022-11-11T04:35:23Z,10:43,203,10429,240795,BNIofOxtDEQ,https://www.youtube.com/watch?v=BNIofOxtDEQ
WHAT 1000 HOURS ON CHAMBER LOOKS LIKE...,tarik,UCTbtlMEiBfs0zZLQyJzR0Uw,2022-11-07T03:47:56Z,11:3,147,9031,200880,U5-aMK4oPBo,https://www.youtube.com/watch?v=U5-aMK4oPBo
How I make the HARDEST Valorant RANK look easy...,tarik,UCTbtlMEiBfs0zZLQyJzR0Uw,2022-11-25T06:24:06Z,11:54,194,8899,210621,gZMAAfpKM7A,https://www.youtube.com/watch?v=gZMAAfpKM7A
One of the most STRESSFUL games I've ever played... | tarik | VALORANT,tarik,UCTbtlMEiBfs0zZLQyJzR0Uw,2022-06-13T09:09:21Z,16:14,167,9664,236771,ow1cfrhrVoE,https://www.youtube.com/watch?v=ow1cfrhrVoE
So I played the NEW VALORANT ACT for a day...,tarik,UCTbtlMEiBfs0zZLQyJzR0Uw,2022-10-21T13:00:12Z,14:4,179,10723,259095,KsDCduw2v1s,https://www.youtube.com/watch?v=KsDCduw2v1s
Carrying myself back to RADIANT in the NEW ACT | SEN tarik,tarik,UCTbtlMEiBfs0zZLQyJzR0Uw,2022-10-26T12:00:30Z,11:29,136,9783,224572,oAWHj9IzCVs,https://www.youtube.com/watch?v=oAWHj9IzCVs
CLIMBING TO RADIANT HAS NEVER BEEN THIS EASY,tarik,UCTbtlMEiBfs0zZLQyJzR0Uw,2022-10-22T17:30:07Z,11:49,108,8720,217762,fWFIGHKE8uQ,https://www.youtube.com/watch?v=fWFIGHKE8uQ
When STREAMERS match against PROS in VALORANT...,tarik,UCTbtlMEiBfs0zZLQyJzR0Uw,2022-11-03T16:17:51Z,10:19,177,11017,259451,EUj6MALCWcM,https://www.youtube.com/watch?v=EUj6MALCWcM
I am becoming the BEST PLAYER in VALORANT...,tarik,UCTbtlMEiBfs0zZLQyJzR0Uw,2022-10-27T23:00:07Z,11:37,173,12869,286405,6tVIhX7MS4Y,https://www.youtube.com/watch?v=6tVIhX7MS4Y
WHAT CS:GO MECHANICS LOOK LIKE IN VALORANT...,tarik,UCTbtlMEiBfs0zZLQyJzR0Uw,2022-11-05T08:15:28Z,12:31,217,11259,351761,ycBQinINgIM,https://www.youtube.com/watch?v=ycBQinINgIM
So I matched against 4 VALORANT PROS in RANKED...,tarik,UCTbtlMEiBfs0zZLQyJzR0Uw,2022-10-29T17:48:42Z,13:3,123,11212,293574,mVqC14ttRNo,https://www.youtube.com/watch?v=mVqC14ttRNo
VALORANT ranked is impossible alone... | SEN tarik,tarik,UCTbtlMEiBfs0zZLQyJzR0Uw,2022-10-16T18:04:10Z,12:18,135,9944,229746,Ws4ywR-iU44,https://www.youtube.com/watch?v=Ws4ywR-iU44
OfflineTV & Friends invited me to play VALORANT. Here's how it went! | SEN tarik,tarik,UCTbtlMEiBfs0zZLQyJzR0Uw,2022-09-30T01:30:08Z,12:8,121,9009,227309,h6X3_4uDj9s,https://www.youtube.com/watch?v=h6X3_4uDj9s
Tarik Reacts to Sentinels vs The Guard | SHROUD'S FIRST GAME | NA VALORANT LCQ,tarik,UCTbtlMEiBfs0zZLQyJzR0Uw,2022-08-05T03:02:37Z,43:35,575,16295,523643,e-uRV02nYS4,https://www.youtube.com/watch?v=e-uRV02nYS4
Can Tarik and C9 Yay BEAT NRG s0m & FNS in VALORANT?,tarik,UCTbtlMEiBfs0zZLQyJzR0Uw,2022-11-16T13:00:38Z,11:38,163,9576,212669,tWcPPC4GFFQ,https://www.youtube.com/watch?v=tWcPPC4GFFQ
So I matched against NRG s0m in VALORANT... | SEN tarik,tarik,UCTbtlMEiBfs0zZLQyJzR0Uw,2022-10-10T17:01:27Z,12:43,140,13410,334646,J4yLZwC9FR8,https://www.youtube.com/watch?v=J4yLZwC9FR8
I Never Want to Play with Nadeshot Again...,tarik,UCTbtlMEiBfs0zZLQyJzR0Uw,2022-11-15T02:43:12Z,12:25,154,9558,216323,XpDbOhzs9xo,https://www.youtube.com/watch?v=XpDbOhzs9xo
VALORANT IS MORE FUN WHEN YOU WIN... | tarik,tarik,UCTbtlMEiBfs0zZLQyJzR0Uw,2022-06-18T15:52:58Z,12:22,152,8394,202212,DYrxmAnGSKw,https://www.youtube.com/watch?v=DYrxmAnGSKw
VALORANT ranked is making me lose my mind... | SEN tarik,tarik,UCTbtlMEiBfs0zZLQyJzR0Uw,2022-09-28T12:12:41Z,11:58,163,9398,233610,0fqp2YggbMo,https://www.youtube.com/watch?v=0fqp2YggbMo
I might quit VALORANT after this... | SEN tarik,tarik,UCTbtlMEiBfs0zZLQyJzR0Uw,2022-10-12T02:32:35Z,12:3,161,11135,280862,EcFu6Z_iCiA,https://www.youtube.com/watch?v=EcFu6Z_iCiA
"If you make them Rage Quit, you can join Sentinels... (VALORANT 10 MANS)",tarik,UCTbtlMEiBfs0zZLQyJzR0Uw,2022-10-31T12:38:24Z,12:4,104,11528,228200,tA1YW-uDR-Y,https://www.youtube.com/watch?v=tA1YW-uDR-Y
Valorant Tips And Tricks Sent By You - Part 36,MrLowlander,UCgtbMb3djcXKj6CHerHwZ-A,2022-11-22T09:07:31Z,8:35,274,9509,196224,pX0OA8ev7dA,https://www.youtube.com/watch?v=pX0OA8ev7dA
The BEST Valorant Aces,MrLowlander,UCgtbMb3djcXKj6CHerHwZ-A,2022-11-18T09:04:29Z,8:20,341,5753,106741,x2f1_FCMvBY,https://www.youtube.com/watch?v=x2f1_FCMvBY
"I Played Nonstop Omen For 1 Month, Here's What I Learned",MrLowlander,UCgtbMb3djcXKj6CHerHwZ-A,2022-11-03T09:51:10Z,8:20,201,5676,104094,6WPxQL5TOKo,https://www.youtube.com/watch?v=6WPxQL5TOKo
3 WEAKNESSES FOR EVERY AGENT - Valorant,MrLowlander,UCgtbMb3djcXKj6CHerHwZ-A,2022-10-03T08:52:09Z,9:59,397,14339,356630,lLn7qB7VRI4,https://www.youtube.com/watch?v=lLn7qB7VRI4
"The Craziest, Fastest and Best Aces In Valorant",MrLowlander,UCgtbMb3djcXKj6CHerHwZ-A,2022-09-24T08:15:53Z,8:9,1584,8932,168032,gg6-ePFwyXo,https://www.youtube.com/watch?v=gg6-ePFwyXo
3 WEAKNESSES FOR EVERY AGENT - Valorant,MrLowlander,UCgtbMb3djcXKj6CHerHwZ-A,2022-10-03T08:52:09Z,9:59,397,14339,356630,lLn7qB7VRI4,https://www.youtube.com/watch?v=lLn7qB7VRI4
Buying The Whole Night Market | Sage To Ascendant,MrLowlander,UCgtbMb3djcXKj6CHerHwZ-A,2022-10-11T08:10:36Z,8:53,544,13823,321894,xBEZt9x65Ds,https://www.youtube.com/watch?v=xBEZt9x65Ds
"I Played Nonstop Omen For 1 Month, Here's What I Learned",MrLowlander,UCgtbMb3djcXKj6CHerHwZ-A,2022-11-03T09:51:10Z,8:20,201,5676,104094,6WPxQL5TOKo,https://www.youtube.com/watch?v=6WPxQL5TOKo
The Future Of Valorant,MrLowlander,UCgtbMb3djcXKj6CHerHwZ-A,2022-09-27T10:10:50Z,7:12,1045,16424,333912,Th5-j03-pSI,https://www.youtube.com/watch?v=Th5-j03-pSI
I Broke The Unwritten Rules Of Valorant,MrLowlander,UCgtbMb3djcXKj6CHerHwZ-A,2022-08-22T08:46:49Z,6:55,713,24843,603183,t3geyZQM8Ec,https://www.youtube.com/watch?v=t3geyZQM8Ec
Buying The Whole Night Market | Sage To Ascendant,MrLowlander,UCgtbMb3djcXKj6CHerHwZ-A,2022-10-11T08:10:36Z,8:53,544,13823,321894,xBEZt9x65Ds,https://www.youtube.com/watch?v=xBEZt9x65Ds
Valorant Tips And Tricks Sent By You - Part 34,MrLowlander,UCgtbMb3djcXKj6CHerHwZ-A,2022-10-06T08:17:04Z,8:8,446,10782,209495,VB1P-_FINgQ,https://www.youtube.com/watch?v=VB1P-_FINgQ
Valorant Tips And Tricks Sent By You - Part 35,MrLowlander,UCgtbMb3djcXKj6CHerHwZ-A,2022-10-28T10:01:27Z,8:13,300,9539,198535,PsC2D37rKGQ,https://www.youtube.com/watch?v=PsC2D37rKGQ
The Future Of Valorant,MrLowlander,UCgtbMb3djcXKj6CHerHwZ-A,2022-09-27T10:10:50Z,7:12,1045,16424,333912,Th5-j03-pSI,https://www.youtube.com/watch?v=Th5-j03-pSI
Valorant Tips And Tricks Sent By You - Part 33,MrLowlander,UCgtbMb3djcXKj6CHerHwZ-A,2022-09-17T09:08:57Z,8:7,374,18279,446128,3GHIQWMN4nw,https://www.youtube.com/watch?v=3GHIQWMN4nw
"I Played Nonstop Chamber For 1 Month, Here's What I Learned",MrLowlander,UCgtbMb3djcXKj6CHerHwZ-A,2022-06-09T08:40:49Z,8:18,362,15699,417131,tF-kC610OZc,https://www.youtube.com/watch?v=tF-kC610OZc
Valorant Tips And Tricks Sent By You - Part 34,MrLowlander,UCgtbMb3djcXKj6CHerHwZ-A,2022-10-06T08:17:04Z,8:8,446,10782,209495,VB1P-_FINgQ,https://www.youtube.com/watch?v=VB1P-_FINgQ
3 COMMON MISTAKES FOR ALL AGENTS - Valorant,MrLowlander,UCgtbMb3djcXKj6CHerHwZ-A,2022-06-30T07:42:14Z,11:39,657,28636,896995,IqCszPu8cgM,https://www.youtube.com/watch?v=IqCszPu8cgM
50 THINGS YOU DIDN'T KNOW ABOUT VALORANT - Part 7,MrLowlander,UCgtbMb3djcXKj6CHerHwZ-A,2021-08-24T11:05:00Z,8:2,2858,122398,3129497,CtIvtEluews,https://www.youtube.com/watch?v=CtIvtEluews
50 THINGS YOU DIDN'T KNOW ABOUT VALORANT - Part 11,MrLowlander,UCgtbMb3djcXKj6CHerHwZ-A,2022-07-24T08:07:05Z,8:35,740,21511,555859,nMyeWEvXnbU,https://www.youtube.com/watch?v=nMyeWEvXnbU
How To Get BETTER AIM In Valorant,MrLowlander,UCgtbMb3djcXKj6CHerHwZ-A,2021-04-15T09:56:04Z,5:21,1744,52513,1784184,BxxxdsBhMA8,https://www.youtube.com/watch?v=BxxxdsBhMA8
Valorant Tips And Tricks USED By You - Part 12.99,MrLowlander,UCgtbMb3djcXKj6CHerHwZ-A,2022-11-08T09:45:07Z,8:49,247,5973,113044,tqiwlj0jxw4,https://www.youtube.com/watch?v=tqiwlj0jxw4
Valorant Tips And Tricks USED By You - Part 11,MrLowlander,UCgtbMb3djcXKj6CHerHwZ-A,2022-09-22T08:20:13Z,8:24,294,9075,179347,IiAz3D0V7No,https://www.youtube.com/watch?v=IiAz3D0V7No
Valorant Tips And Tricks Sent By You - Part 31,MrLowlander,UCgtbMb3djcXKj6CHerHwZ-A,2022-08-08T08:30:02Z,9:8,539,18999,389969,taqv99980z0,https://www.youtube.com/watch?v=taqv99980z0
I Asked A Professional To Coach Me - Valorant,MrLowlander,UCgtbMb3djcXKj6CHerHwZ-A,2022-10-21T09:59:38Z,8:50,316,7841,141202,qidevcLghiQ,https://www.youtube.com/watch?v=qidevcLghiQ
Can You Learn Harbor In Only 1 Day? - Valorant,MrLowlander,UCgtbMb3djcXKj6CHerHwZ-A,2022-10-26T08:22:09Z,8:9,211,5406,96912,LkmoI0aYzUQ,https://www.youtube.com/watch?v=LkmoI0aYzUQ
Valorant Tips And Tricks Sent By You - Part 32,MrLowlander,UCgtbMb3djcXKj6CHerHwZ-A,2022-09-03T08:24:07Z,8:33,460,14498,303801,zF1y6AEkGak,https://www.youtube.com/watch?v=zF1y6AEkGak
Valorant Tips And Tricks Sent By You - Part 31,MrLowlander,UCgtbMb3djcXKj6CHerHwZ-A,2022-08-08T08:30:02Z,9:8,539,18999,389969,taqv99980z0,https://www.youtube.com/watch?v=taqv99980z0
50 THINGS YOU DIDN'T KNOW ABOUT VALORANT - Part 10,MrLowlander,UCgtbMb3djcXKj6CHerHwZ-A,2022-03-29T07:57:41Z,8:14,718,22511,523820,9JBYevwiNLs,https://www.youtube.com/watch?v=9JBYevwiNLs
50 PEARL TIPS AND TRICKS - Valorant,MrLowlander,UCgtbMb3djcXKj6CHerHwZ-A,2022-06-27T07:50:37Z,8:44,382,23211,503095,Dyqi9kj-Igo,https://www.youtube.com/watch?v=Dyqi9kj-Igo
"1,000 fps mfs be like - Valorant",noted,UCQ4dS_JStXcK3A30isduBbg,2022-11-29T18:00:13Z,8:45,126,1905,24046,_YEPn0PdpJw,https://www.youtube.com/watch?v=_YEPn0PdpJw
1 ACE for each collection - Valorant,noted,UCQ4dS_JStXcK3A30isduBbg,2022-11-16T15:00:13Z,10:47,146,3894,88343,Hz_gnr7Pk7A,https://www.youtube.com/watch?v=Hz_gnr7Pk7A
AIM is NOT everything in Valorant,noted,UCQ4dS_JStXcK3A30isduBbg,2022-11-14T15:00:05Z,8:48,163,7613,192908,4UGYrP5Y9Ts,https://www.youtube.com/watch?v=4UGYrP5Y9Ts
This Is KiLLiNG YOUR AiM - Valorant,noted,UCQ4dS_JStXcK3A30isduBbg,2022-11-18T16:13:01Z,8:1,380,6812,126253,N2unhDBztV8,https://www.youtube.com/watch?v=N2unhDBztV8
*No Bs* How to STRAFE & SHOOT n0ted style - Valorant,noted,UCQ4dS_JStXcK3A30isduBbg,2022-03-28T00:54:10Z,15:9,592,38204,629753,ZRUq_kmDBPc,https://www.youtube.com/watch?v=ZRUq_kmDBPc
How I'm at the top 0.1% Playing AGRESSiVE PHOENIX (RADIANT.EXE) - Valorant,noted,UCQ4dS_JStXcK3A30isduBbg,2022-07-23T00:31:39Z,10:14,205,7194,181382,1NJP6IvrmbI,https://www.youtube.com/watch?v=1NJP6IvrmbI
Ion 2.0 is the ONLY bundle YOU GOTTA BUY - Valorant,noted,UCQ4dS_JStXcK3A30isduBbg,2022-10-19T03:37:22Z,13:32,106,3994,94649,sUYREJiynQk,https://www.youtube.com/watch?v=sUYREJiynQk
OVERPOWERED peeking method against Radiants - Valorant,noted,UCQ4dS_JStXcK3A30isduBbg,2022-10-27T15:00:40Z,10:27,74,2935,84723,wIg71QN72wA,https://www.youtube.com/watch?v=wIg71QN72wA
noted's peeking guide *NO BS* | Valorant,noted,UCQ4dS_JStXcK3A30isduBbg,2022-10-24T15:44:10Z,21:57,304,9209,99009,QNh0xj1EyH0,https://www.youtube.com/watch?v=QNh0xj1EyH0
UNFAiR Aimdvantage - Valorant,noted,UCQ4dS_JStXcK3A30isduBbg,2022-11-22T18:10:56Z,8:12,356,4464,109082,UfWFZ-chW5U,https://www.youtube.com/watch?v=UfWFZ-chW5U
UNFAiR Aimdvantage - Valorant,noted,UCQ4dS_JStXcK3A30isduBbg,2022-11-22T18:10:56Z,8:12,356,4464,109082,UfWFZ-chW5U,https://www.youtube.com/watch?v=UfWFZ-chW5U
*NeW* CRIMSONBEAST collection made me a GOD - Valorant,noted,UCQ4dS_JStXcK3A30isduBbg,2022-10-06T01:39:00Z,10:12,79,3310,86792,UjL0CU5Xhqc,https://www.youtube.com/watch?v=UjL0CU5Xhqc
Me after watching Yay - Valorant,noted,UCQ4dS_JStXcK3A30isduBbg,2022-10-21T15:00:03Z,10:5,88,4570,72891,4gpC8au9Nhg,https://www.youtube.com/watch?v=4gpC8au9Nhg
JARSO came to my stream SO I HAD TO POP OFF - Valorant,noted,UCQ4dS_JStXcK3A30isduBbg,2022-10-12T00:00:02Z,8:32,70,2591,53616,7i1ntLwOCSQ,https://www.youtube.com/watch?v=7i1ntLwOCSQ
STOMPING the Top 1% Players - Valorant,noted,UCQ4dS_JStXcK3A30isduBbg,2022-07-28T03:37:54Z,9:8,108,5048,99722,-XzNDp6EN4Q,https://www.youtube.com/watch?v=-XzNDp6EN4Q
STOMPING the Top 1% Players - Valorant,noted,UCQ4dS_JStXcK3A30isduBbg,2022-07-28T03:37:54Z,9:8,108,5048,99722,-XzNDp6EN4Q,https://www.youtube.com/watch?v=-XzNDp6EN4Q
PROOF I GOT BIG BALLS AiMBOT - Valorant,noted,UCQ4dS_JStXcK3A30isduBbg,2022-06-28T20:57:38Z,10:53,65,3145,80226,1ZGZQX1f8JY,https://www.youtube.com/watch?v=1ZGZQX1f8JY
I might be secretly maining Chamber over Reyna - VALORANT,noted,UCQ4dS_JStXcK3A30isduBbg,2022-10-14T22:43:50Z,12:54,129,2874,58885,13p7yVBeudw,https://www.youtube.com/watch?v=13p7yVBeudw
Disrespecting the enemy  - Valorant,noted,UCQ4dS_JStXcK3A30isduBbg,2022-09-24T01:54:54Z,9:28,321,3563,85261,lYghQ6ocf8I,https://www.youtube.com/watch?v=lYghQ6ocf8I
Crimson beast vandal is the worst vandal in valorant | Noted,noted,UCQ4dS_JStXcK3A30isduBbg,2022-10-08T12:45:01Z,10:54,83,2290,61229,S0hkUQiOfPg,https://www.youtube.com/watch?v=S0hkUQiOfPg
Radiant Plays Neon - Valorant,noted,UCQ4dS_JStXcK3A30isduBbg,2022-01-26T01:26:30Z,11:39,130,4411,106044,ame9VodaXQA,https://www.youtube.com/watch?v=ame9VodaXQA
Destroying a FULL RADIANT Lobby - Valorant,noted,UCQ4dS_JStXcK3A30isduBbg,2022-01-05T03:11:13Z,10:1,277,8430,166193,7T7nIp10Rcg,https://www.youtube.com/watch?v=7T7nIp10Rcg
The low fps challenge!  - Valorant,noted,UCQ4dS_JStXcK3A30isduBbg,2022-03-08T04:59:33Z,10:4,300,4243,73804,n08iTyWNrn8,https://www.youtube.com/watch?v=n08iTyWNrn8
Harbor is OVERPOWERED! *NEW valorant agent*,noted,UCQ4dS_JStXcK3A30isduBbg,2022-10-14T00:36:16Z,11:50,109,2359,52655,z_5nFzqSWyE,https://www.youtube.com/watch?v=z_5nFzqSWyE
THIS IS WHAT CONFIDENCE LOOKS LIKE - Valorant,noted,UCQ4dS_JStXcK3A30isduBbg,2022-04-18T23:58:18Z,9:57,116,3861,93319,8RcLDTPKeUk,https://www.youtube.com/watch?v=8RcLDTPKeUk
I Will Never Be A Radiant Again- Valorant,noted,UCQ4dS_JStXcK3A30isduBbg,2022-04-09T00:51:53Z,9:42,107,3537,73035,zLj-1kMQWFQ,https://www.youtube.com/watch?v=zLj-1kMQWFQ
When i Play With The ONi Phantom THiS Happens - Valorant,noted,UCQ4dS_JStXcK3A30isduBbg,2021-01-08T07:52:22Z,10:14,543,15163,418251,e-q9w2e3ne0,https://www.youtube.com/watch?v=e-q9w2e3ne0
CARRYING HARD to get RADIANT! *new act* - Valorant,noted,UCQ4dS_JStXcK3A30isduBbg,2022-06-23T04:52:48Z,10:24,143,4769,142974,rrVGqVXbdww,https://www.youtube.com/watch?v=rrVGqVXbdww
Biggest Trash Talker EVER Gets CARRIED BAD! - Valorant,noted,UCQ4dS_JStXcK3A30isduBbg,2020-08-21T04:16:27Z,11:34,1355,49751,920638,F1ku_9CXjnc,https://www.youtube.com/watch?v=F1ku_9CXjnc
Dude gets HARD CARRIED after talking s#it - Valorant,noted,UCQ4dS_JStXcK3A30isduBbg,2022-07-15T21:51:23Z,10:25,185,4909,107686,mUJ_PpKdM4I,https://www.youtube.com/watch?v=mUJ_PpKdM4I
"""OMEN YOU NEED TO RELAX...""",Flexinja,UCqoJxH5s6xAiJ6QyevmuG7Q,2022-11-28T07:51:20Z,9,63,1480,30498,_XFdf8byqSE,https://www.youtube.com/watch?v=_XFdf8byqSE
So I decided to become a CHAMBER Main... ,Flexinja,UCqoJxH5s6xAiJ6QyevmuG7Q,2022-11-06T12:48:18Z,10:5,68,1648,31630,_skBFVuagzw,https://www.youtube.com/watch?v=_skBFVuagzw
"""OMEN IS A DUELIST...""",Flexinja,UCqoJxH5s6xAiJ6QyevmuG7Q,2022-11-25T18:10:23Z,8:51,54,1935,43424,C2_pR7NfISA,https://www.youtube.com/watch?v=C2_pR7NfISA
BEST Aggressive HARBOR plays on Valorant ,Flexinja,UCqoJxH5s6xAiJ6QyevmuG7Q,2022-10-14T07:32:40Z,8:44,201,7482,271260,4uuJQD5YDeo,https://www.youtube.com/watch?v=4uuJQD5YDeo
"""OMEN YOU'RE NOT WINNING THIS...""",Flexinja,UCqoJxH5s6xAiJ6QyevmuG7Q,2022-11-10T13:15:58Z,9:44,48,1607,36652,JJywNsbSx2M,https://www.youtube.com/watch?v=JJywNsbSx2M
"""OMEN YOUR PLAYS ARE SO BORING...""",Flexinja,UCqoJxH5s6xAiJ6QyevmuG7Q,2022-10-09T07:20:45Z,8:40,65,2451,51741,Ms97-qEgKKw,https://www.youtube.com/watch?v=Ms97-qEgKKw
When you turn on AIMBOT in Valorant...,Flexinja,UCqoJxH5s6xAiJ6QyevmuG7Q,2022-09-30T14:21:04Z,9:23,68,2668,59973,SWAe8_FiNSo,https://www.youtube.com/watch?v=SWAe8_FiNSo
"""OMEN THAT TELEPORT WAS UNFAIR!""",Flexinja,UCqoJxH5s6xAiJ6QyevmuG7Q,2022-10-17T09:14:05Z,9:27,66,2438,58844,M2Md5nHMzP8,https://www.youtube.com/watch?v=M2Md5nHMzP8
"""OMEN WTF WAS THAT FLICK?!""",Flexinja,UCqoJxH5s6xAiJ6QyevmuG7Q,2022-11-02T11:49:47Z,8:25,46,1658,33197,CxNegMpJAz8,https://www.youtube.com/watch?v=CxNegMpJAz8
*NEW* ION 2.0 Skins made my Omen INSANE,Flexinja,UCqoJxH5s6xAiJ6QyevmuG7Q,2022-10-19T14:42:07Z,8:49,84,2867,68371,mFYGhN3Z-14,https://www.youtube.com/watch?v=mFYGhN3Z-14
"""OMEN HOW ARE YOU UP THERE?""",Flexinja,UCqoJxH5s6xAiJ6QyevmuG7Q,2022-11-19T18:40:45Z,8:26,61,1800,35775,Pn_s2GjbuMM,https://www.youtube.com/watch?v=Pn_s2GjbuMM
"""OMEN IS BROKEN ON THIS MAP!""",Flexinja,UCqoJxH5s6xAiJ6QyevmuG7Q,2022-10-16T11:38:35Z,8:4,60,2425,57075,I6xo9R5nGOw,https://www.youtube.com/watch?v=I6xo9R5nGOw
2 Radiants vs 5 GOLDS... ft. Jollztv,Flexinja,UCqoJxH5s6xAiJ6QyevmuG7Q,2022-09-18T21:00:03Z,14:34,170,3166,55863,7hw7d6ewjAQ,https://www.youtube.com/watch?v=7hw7d6ewjAQ
3 Radiants vs 5 Ascendants... ft. Jollztv and SEN Zekken,Flexinja,UCqoJxH5s6xAiJ6QyevmuG7Q,2022-10-30T10:22:20Z,11:14,95,2301,39369,PYyGj_5UQ4Q,https://www.youtube.com/watch?v=PYyGj_5UQ4Q
OMEN is the Best Controller on Breeze...,Flexinja,UCqoJxH5s6xAiJ6QyevmuG7Q,2022-11-12T12:45:22Z,8:55,44,1822,38660,33nskPucITs,https://www.youtube.com/watch?v=33nskPucITs
We made their Jett turn on AIMBOT... (BANNED),Flexinja,UCqoJxH5s6xAiJ6QyevmuG7Q,2022-09-16T06:04:13Z,10:3,144,3608,80588,DvA0i8kqsJw,https://www.youtube.com/watch?v=DvA0i8kqsJw
"""OMEN GET DOWN FROM THERE!""",Flexinja,UCqoJxH5s6xAiJ6QyevmuG7Q,2022-10-12T10:06:10Z,8:45,66,2328,50537,Hlon2CrC000,https://www.youtube.com/watch?v=Hlon2CrC000
"""OMEN STOP PLAYING LIKE FLEXINJA...""",Flexinja,UCqoJxH5s6xAiJ6QyevmuG7Q,2022-10-04T17:31:13Z,9:6,99,2959,73802,yAcmuOWzYIM,https://www.youtube.com/watch?v=yAcmuOWzYIM
3 Radiants vs 5 PLATS... ft. Jollztv and ShawnBM,Flexinja,UCqoJxH5s6xAiJ6QyevmuG7Q,2022-10-03T14:48:30Z,15:33,490,4275,87746,VHz6bJZIyvU,https://www.youtube.com/watch?v=VHz6bJZIyvU
MOST AGGRESSIVE NEON PLAYER on Valorant (36 KILLS),Flexinja,UCqoJxH5s6xAiJ6QyevmuG7Q,2022-01-10T06:00:07Z,10:2,125,3183,106375,R5TDZIXDIl4,https://www.youtube.com/watch?v=R5TDZIXDIl4
"Aggressive Omen plays in a $10,000 Valorant Tournament",Flexinja,UCqoJxH5s6xAiJ6QyevmuG7Q,2021-08-17T07:00:06Z,12:40,212,6184,121850,Q_V4O-5LkRE,https://www.youtube.com/watch?v=Q_V4O-5LkRE
NEW Ruination Skins are INSANE... Valorant's BEST Collection so far!?,Flexinja,UCqoJxH5s6xAiJ6QyevmuG7Q,2021-07-09T12:30:27Z,8:28,409,9876,252942,sycuwVBZmzY,https://www.youtube.com/watch?v=sycuwVBZmzY
BEST Aggressive KAYO plays on Valorant ,Flexinja,UCqoJxH5s6xAiJ6QyevmuG7Q,2021-06-20T08:26:53Z,10:57,466,23253,688281,vcB28n5j81Y,https://www.youtube.com/watch?v=vcB28n5j81Y
"After 5000 hours of playing Omen, this is my BEST clip yet... *INSANE*",Flexinja,UCqoJxH5s6xAiJ6QyevmuG7Q,2022-01-13T13:34:18Z,9:47,240,10704,318499,n1drPsd20nM,https://www.youtube.com/watch?v=n1drPsd20nM
I used an Aim Trainer to make my Aim insane! (Aim Lab/Valorant),Flexinja,UCqoJxH5s6xAiJ6QyevmuG7Q,2021-08-07T04:00:01Z,14:20,249,6600,101045,9S0yIpsAEIs,https://www.youtube.com/watch?v=9S0yIpsAEIs
"I won a $10,000 Valorant tournament playing Omen only",Flexinja,UCqoJxH5s6xAiJ6QyevmuG7Q,2022-07-10T05:00:18Z,10:34,93,2913,62252,bPbWZOhnBwU,https://www.youtube.com/watch?v=bPbWZOhnBwU
Impressing Hiko and Ninja with my Aggressive Omen on Valorant,Flexinja,UCqoJxH5s6xAiJ6QyevmuG7Q,2020-08-21T21:36:09Z,14:12,1135,33272,779946,1Zdhk6H7NdM,https://www.youtube.com/watch?v=1Zdhk6H7NdM
2 Radiants vs 5 Silvers... ft. Jollztv,Flexinja,UCqoJxH5s6xAiJ6QyevmuG7Q,2022-09-11T09:01:10Z,17:16,163,3063,53100,B1_apgkiVHk,https://www.youtube.com/watch?v=B1_apgkiVHk
"Aggressive Omen plays in a $10,000 Valorant Tournament",Flexinja,UCqoJxH5s6xAiJ6QyevmuG7Q,2021-08-17T07:00:06Z,12:40,212,6184,121850,Q_V4O-5LkRE,https://www.youtube.com/watch?v=Q_V4O-5LkRE
THE BEST YORU IN VALORANT... ethos? Red!? TenZ!?!?,Flexinja,UCqoJxH5s6xAiJ6QyevmuG7Q,2021-08-05T04:00:06Z,9:12,385,5584,107489,NplosbojCRc,https://www.youtube.com/watch?v=NplosbojCRc
Reyna instalocks Reyna,QuarterJade,UC_wSuaxwUYsJOBZDWwHIQZg,2022-10-16T20:17:34Z,14:44,130,10530,203613,mI-xOHNYc0o,https://www.youtube.com/watch?v=mI-xOHNYc0o
back to immortal,QuarterJade,UC_wSuaxwUYsJOBZDWwHIQZg,2022-08-10T20:35:30Z,15:4,84,9515,177423,Ken8jHFMuaw,https://www.youtube.com/watch?v=Ken8jHFMuaw
the craziest ace of my life,QuarterJade,UC_wSuaxwUYsJOBZDWwHIQZg,2022-03-17T20:40:31Z,12:3,96,9041,165558,xNYgfGTzcRc,https://www.youtube.com/watch?v=xNYgfGTzcRc
sage will never be the same after this...,QuarterJade,UC_wSuaxwUYsJOBZDWwHIQZg,2022-11-19T18:00:50Z,15,42,6185,102466,4HbQ-B68LH8,https://www.youtube.com/watch?v=4HbQ-B68LH8
this is better than immortal gameplay,QuarterJade,UC_wSuaxwUYsJOBZDWwHIQZg,2022-09-30T19:06:25Z,13:27,100,8112,146179,MqUA5gUOPjQ,https://www.youtube.com/watch?v=MqUA5gUOPjQ
i played two of my craziest Valorant games ft. Masayoshi & friends,QuarterJade,UC_wSuaxwUYsJOBZDWwHIQZg,2021-01-17T00:35:35Z,16:1,180,11238,230651,4PhtdMfDKrE,https://www.youtube.com/watch?v=4PhtdMfDKrE
5 stack immortal grind,QuarterJade,UC_wSuaxwUYsJOBZDWwHIQZg,2022-05-28T19:58:07Z,12:35,69,8055,159712,d6M3DbMv5e4,https://www.youtube.com/watch?v=d6M3DbMv5e4
Best of QuarterJade - October 2022,QuarterJade,UC_wSuaxwUYsJOBZDWwHIQZg,2022-11-27T18:06:36Z,19:4,54,4108,63827,0jZX2ZakbJY,https://www.youtube.com/watch?v=0jZX2ZakbJY
john did the unthinkable in my dream,QuarterJade,UC_wSuaxwUYsJOBZDWwHIQZg,2022-10-09T19:04:36Z,15:13,98,7019,110192,VP11SQ0kls4,https://www.youtube.com/watch?v=VP11SQ0kls4
My Experience Playing Valorant,QuarterJade,UC_wSuaxwUYsJOBZDWwHIQZg,2020-04-03T17:01:55Z,20:2,161,2733,62300,Z0oBDbjJtLo,https://www.youtube.com/watch?v=Z0oBDbjJtLo
i clutched that round with just 2 HP?! ft. Pokimane,QuarterJade,UC_wSuaxwUYsJOBZDWwHIQZg,2020-12-14T03:19:08Z,13:29,190,9269,160506,q4cs2ZsuuXc,https://www.youtube.com/watch?v=q4cs2ZsuuXc
something happened to my aim! Valorant ft. Starsmitten & friends,QuarterJade,UC_wSuaxwUYsJOBZDWwHIQZg,2021-02-01T03:34:08Z,14:1,170,7905,145250,N4pOD4_Bjz8,https://www.youtube.com/watch?v=N4pOD4_Bjz8
would you rather...,QuarterJade,UC_wSuaxwUYsJOBZDWwHIQZg,2022-11-07T20:24:17Z,14:18,74,4532,76831,biPTO0dOUfg,https://www.youtube.com/watch?v=biPTO0dOUfg
i found a new main! Valorant w/ friends,QuarterJade,UC_wSuaxwUYsJOBZDWwHIQZg,2021-03-04T05:47:01Z,13:56,158,8307,147242,5JFzxUF6KRs,https://www.youtube.com/watch?v=5JFzxUF6KRs
reyna mains be like...,QuarterJade,UC_wSuaxwUYsJOBZDWwHIQZg,2022-10-03T18:50:57Z,14,53,13298,216153,9PjevpQyOTk,https://www.youtube.com/watch?v=9PjevpQyOTk
valorant but were blindfolded,QuarterJade,UC_wSuaxwUYsJOBZDWwHIQZg,2022-05-31T19:35:34Z,14:10,54,4822,70792,MiBGIDiL8RY,https://www.youtube.com/watch?v=MiBGIDiL8RY
come sit on mommy's lap,QuarterJade,UC_wSuaxwUYsJOBZDWwHIQZg,2022-10-04T20:55:53Z,44,159,65481,628661,z_wi8oWzG6k,https://www.youtube.com/watch?v=z_wi8oWzG6k
i found a new main! Valorant w/ friends,QuarterJade,UC_wSuaxwUYsJOBZDWwHIQZg,2021-03-04T05:47:01Z,13:56,158,8307,147242,5JFzxUF6KRs,https://www.youtube.com/watch?v=5JFzxUF6KRs
no way she did that to me! Valorant w/ friends,QuarterJade,UC_wSuaxwUYsJOBZDWwHIQZg,2021-02-27T05:44:29Z,12:57,182,8989,156983,8QWrB1WP9rE,https://www.youtube.com/watch?v=8QWrB1WP9rE
carry me or i'm breaking up with you,QuarterJade,UC_wSuaxwUYsJOBZDWwHIQZg,2022-10-02T15:52:35Z,47,236,117316,1314355,AW6r7bhyI78,https://www.youtube.com/watch?v=AW6r7bhyI78
my teammates thought i was immortal,QuarterJade,UC_wSuaxwUYsJOBZDWwHIQZg,2021-05-18T00:45:23Z,10:31,227,12150,197138,cdL_yZJPHdo,https://www.youtube.com/watch?v=cdL_yZJPHdo
QuarterJade.exe,QuarterJade,UC_wSuaxwUYsJOBZDWwHIQZg,2022-10-05T19:19:59Z,3:22,187,7870,94157,MF1XdJy9l_4,https://www.youtube.com/watch?v=MF1XdJy9l_4
OH LOOK ITS MORE VALORANT,QuarterJade,UC_wSuaxwUYsJOBZDWwHIQZg,2022-04-15T19:22:01Z,11:32,128,7735,121783,MYWEjBgG_Rg,https://www.youtube.com/watch?v=MYWEjBgG_Rg
i hit a hospital flick,QuarterJade,UC_wSuaxwUYsJOBZDWwHIQZg,2022-10-09T15:49:36Z,43,281,65266,996620,n0iufrUlJK0,https://www.youtube.com/watch?v=n0iufrUlJK0
testing the poppin swing,QuarterJade,UC_wSuaxwUYsJOBZDWwHIQZg,2022-10-30T15:37:19Z,26,24,6085,81123,40psugPbA6o,https://www.youtube.com/watch?v=40psugPbA6o
chamber is CRAZY,QuarterJade,UC_wSuaxwUYsJOBZDWwHIQZg,2021-12-06T18:56:10Z,11:47,120,7579,127199,HhXupIrKiB0,https://www.youtube.com/watch?v=HhXupIrKiB0
i'm a sage main now,QuarterJade,UC_wSuaxwUYsJOBZDWwHIQZg,2021-05-22T23:26:23Z,12:53,224,8347,132313,1FiyKjwcfQI,https://www.youtube.com/watch?v=1FiyKjwcfQI
what happens when you say gg first round,QuarterJade,UC_wSuaxwUYsJOBZDWwHIQZg,2021-07-09T22:00:21Z,13:28,129,8721,143717,BTHVj99YCpw,https://www.youtube.com/watch?v=BTHVj99YCpw
what does he eat? ,QuarterJade,UC_wSuaxwUYsJOBZDWwHIQZg,2022-01-15T19:39:31Z,16:3,110,14952,367521,sZjaPIqvYJA,https://www.youtube.com/watch?v=sZjaPIqvYJA
three rounds is all they get! Valorant ft. Sykkuno & friends,QuarterJade,UC_wSuaxwUYsJOBZDWwHIQZg,2021-02-13T03:42:24Z,14:45,151,10605,208034,XnGd2fMg1sA,https://www.youtube.com/watch?v=XnGd2fMg1sA
Hiko Has The Most INSANE KAY/O Plays in VALORANT!,Hiko,UCRN1XC7PnnTL5R_GbYOMCZg,2022-11-29T16:30:03Z,11:26,13,342,5595,XF6c2P5fCYc,https://www.youtube.com/watch?v=XF6c2P5fCYc
WHAT IT'S LIKE TO PLAY VALORANT WITH A2GUAPO...,Hiko,UCRN1XC7PnnTL5R_GbYOMCZg,2022-11-08T16:30:10Z,11:41,35,702,15777,uohtZWBes5Q,https://www.youtube.com/watch?v=uohtZWBes5Q
HIKO'S FIRST GAME WITH HARBOR | THE MOST FUN VALORANT AGENT TO PLAY,Hiko,UCRN1XC7PnnTL5R_GbYOMCZg,2022-10-17T15:30:05Z,10:39,31,1048,38353,TZz5OcpZ1zE,https://www.youtube.com/watch?v=TZz5OcpZ1zE
How To WIN with INTING TEAMMATES in VALORANT!,Hiko,UCRN1XC7PnnTL5R_GbYOMCZg,2022-11-24T16:30:02Z,10:3,9,590,12463,F11-GdPhZZg,https://www.youtube.com/watch?v=F11-GdPhZZg
"VALORANT'S DEATH SQUAD ft. SHROUD, NINJA, & JORDAN FISHER",Hiko,UCRN1XC7PnnTL5R_GbYOMCZg,2020-08-24T19:34:38Z,15:27,481,14602,515840,Z0OfhlIuU4U,https://www.youtube.com/watch?v=Z0OfhlIuU4U
VALORANT CAN ACTUALLY BE FUN?,Hiko,UCRN1XC7PnnTL5R_GbYOMCZg,2022-11-04T15:30:13Z,9:12,17,957,17799,ll91pnn1few,https://www.youtube.com/watch?v=ll91pnn1few
THE MOST INSANE VALORANT GAME YOU'LL EVER SEE!,Hiko,UCRN1XC7PnnTL5R_GbYOMCZg,2022-10-19T15:30:07Z,12:40,30,1046,23338,FCwIGtlp7TQ,https://www.youtube.com/watch?v=FCwIGtlp7TQ
15 YR OLD THROWS 42+ ROUND GAME,Hiko,UCRN1XC7PnnTL5R_GbYOMCZg,2021-02-12T18:23:21Z,21:51,521,16739,529776,H7hginczcig,https://www.youtube.com/watch?v=H7hginczcig
FIRST LOOK AT HARBOR! | IS THE NEW VALORANT AGENT OP?,Hiko,UCRN1XC7PnnTL5R_GbYOMCZg,2022-10-13T19:46:35Z,10:23,57,1174,31009,mBKKaYm6VSE,https://www.youtube.com/watch?v=mBKKaYm6VSE
HIKO IS STILL THE CLUTCH MASTER! | RADIANT VALORANT GAMEPLAY,Hiko,UCRN1XC7PnnTL5R_GbYOMCZg,2022-11-19T16:30:01Z,10:1,16,640,13199,GnPIHOYWQa8,https://www.youtube.com/watch?v=GnPIHOYWQa8
HIKO SHOWS HOW TO DOMINATE ON SOVA! 1V5 ACE? ft. jasonR | PRO SOVA GAMEPLAY,Hiko,UCRN1XC7PnnTL5R_GbYOMCZg,2020-11-14T21:54:36Z,14:50,194,8778,270873,EQDh7RNebUo,https://www.youtube.com/watch?v=EQDh7RNebUo
"CRANKING 90s IN VALORANT W/ BUGHA, SYPHERPK, NickEH30, & CHICA!",Hiko,UCRN1XC7PnnTL5R_GbYOMCZg,2021-03-25T19:03:10Z,15:53,436,6624,151532,5UX8NJrcU44,https://www.youtube.com/watch?v=5UX8NJrcU44
"DOMINATING A FULL RADIANT LOBBY (31 KILLS!) ft. jasonR, steel, asuna, & MORE!",Hiko,UCRN1XC7PnnTL5R_GbYOMCZg,2020-10-20T19:55:54Z,14:46,269,5987,166160,2ucRNox1XTk,https://www.youtube.com/watch?v=2ucRNox1XTk
THIS CROSSHAIR IS GODLIKE!! | EASY ONE TAPS FOR HIKO,Hiko,UCRN1XC7PnnTL5R_GbYOMCZg,2022-10-24T15:30:03Z,10:16,22,798,18633,BZC11bIM-TA,https://www.youtube.com/watch?v=BZC11bIM-TA
BOOMER CLUTCHES 1V5 W/ ALL HEADSHOTS| 100T Hiko VALORANT Stream Highlights,Hiko,UCRN1XC7PnnTL5R_GbYOMCZg,2021-04-16T18:31:36Z,9:36,205,8113,200808,mPnTCXhbwZ0,https://www.youtube.com/watch?v=mPnTCXhbwZ0
HIKO AND MARVED MAKE IT LOOK EASY IN RANKED!,Hiko,UCRN1XC7PnnTL5R_GbYOMCZg,2022-10-31T15:30:03Z,10:56,20,614,13685,IDmBgn03ya0,https://www.youtube.com/watch?v=IDmBgn03ya0
I Played the Best KAY/O Game of My LIFE and Then This Happened...,Hiko,UCRN1XC7PnnTL5R_GbYOMCZg,2022-11-26T16:30:08Z,11:33,31,599,12162,UcU8jV62CYk,https://www.youtube.com/watch?v=UcU8jV62CYk
WHAT IT'S LIKE TO PLAY DUELIST IN 2022...,Hiko,UCRN1XC7PnnTL5R_GbYOMCZg,2022-10-26T15:30:17Z,11:13,26,795,17306,s5MfbT34oZQ,https://www.youtube.com/watch?v=s5MfbT34oZQ
HOW DID WE COMEBACK FROM THIS??,Hiko,UCRN1XC7PnnTL5R_GbYOMCZg,2022-11-22T16:30:06Z,11:23,28,784,14407,thNXESV_IsY,https://www.youtube.com/watch?v=thNXESV_IsY
"CRANKING 90s IN VALORANT W/ BUGHA, SYPHERPK, NickEH30, & CHICA!",Hiko,UCRN1XC7PnnTL5R_GbYOMCZg,2021-03-25T19:03:10Z,15:53,436,6624,151532,5UX8NJrcU44,https://www.youtube.com/watch?v=5UX8NJrcU44
PLAYING RANKED W/ POKIMANE,Hiko,UCRN1XC7PnnTL5R_GbYOMCZg,2021-03-29T20:01:06Z,9:29,349,7827,193104,_TDVOcxJf_k,https://www.youtube.com/watch?v=_TDVOcxJf_k
TRYING OUT FADE FOR THE FIRST TIME! THIS AGENT IS BUSTED? | Hiko REACTS to VALORANT FADE,Hiko,UCRN1XC7PnnTL5R_GbYOMCZg,2022-04-25T20:00:13Z,13:30,147,3983,145174,aISQ5f2eWuE,https://www.youtube.com/watch?v=aISQ5f2eWuE
NEW VALORANT GAME! | CS:GO PRO REVIEWS THE AGENTS  (Part 1),Hiko,UCRN1XC7PnnTL5R_GbYOMCZg,2020-04-03T17:00:32Z,27:22,22,262,12102,wgWTUi1EydQ,https://www.youtube.com/watch?v=wgWTUi1EydQ
"VALORANT has ""Precise Gunplay""...",Hiko,UCRN1XC7PnnTL5R_GbYOMCZg,2022-10-25T15:30:00Z,14,7,498,14533,4Xl8E3hPaKs,https://www.youtube.com/watch?v=4Xl8E3hPaKs
"FRESH ACCOUNT TO RADIANT EP. 1 ""HIKO GETS HIS RANK""",Hiko,UCRN1XC7PnnTL5R_GbYOMCZg,2020-12-25T20:53:27Z,11:31,431,10971,377953,958xKWmArB0,https://www.youtube.com/watch?v=958xKWmArB0
HIKO WITH THE 5Head 200IQ Plays! | Final Valorant Beta Stream Highlights,Hiko,UCRN1XC7PnnTL5R_GbYOMCZg,2020-05-29T22:03:09Z,11:38,189,5431,245775,GgR2o-_9ZcQ,https://www.youtube.com/watch?v=GgR2o-_9ZcQ
CARRYING MY BOSS FOR TESLA? ft. NADESHOT & ASUNA,Hiko,UCRN1XC7PnnTL5R_GbYOMCZg,2022-02-07T19:58:34Z,11:37,168,5613,147622,-18ZItknsTI,https://www.youtube.com/watch?v=-18ZItknsTI
WHAT IT'S LIKE TO PLAY DUELIST IN 2022...,Hiko,UCRN1XC7PnnTL5R_GbYOMCZg,2022-10-26T15:30:17Z,11:13,26,795,17306,s5MfbT34oZQ,https://www.youtube.com/watch?v=s5MfbT34oZQ
HIKO WITH EVEN MORE INHUMAN FLICKS! | HIKO'S STREAM HIGHLIGHTS + ART OF WHIFFING,Hiko,UCRN1XC7PnnTL5R_GbYOMCZg,2021-11-12T19:45:14Z,9:21,198,5942,137317,loPUFA9K1NI,https://www.youtube.com/watch?v=loPUFA9K1NI
HIKO REACTS TO THE NEON TRAILER REVEAL!!! | REACTING TO NEW AGENT & FIRST THOUGHTS,Hiko,UCRN1XC7PnnTL5R_GbYOMCZg,2022-01-06T20:39:43Z,5:21,168,4293,133068,_cVqEMHOnl4,https://www.youtube.com/watch?v=_cVqEMHOnl4
Destroying people who think Yoru is bad in Valorant...,Red,UCFJ1pr8iwWPeQjmeHnPhqvA,2022-11-24T17:19:44Z,8:17,113,2806,53836,xAGnbwIQ3t8,https://www.youtube.com/watch?v=xAGnbwIQ3t8
START YORU FLASHING LIKE THIS.... (100% better),Red,UCFJ1pr8iwWPeQjmeHnPhqvA,2022-11-27T16:37:00Z,8:2,72,2855,63040,j65QlUsU0gQ,https://www.youtube.com/watch?v=j65QlUsU0gQ
NEW ION 2.0 SKINS ARE 100% AIMBOT in VALORANT (NO JOKE!),Red,UCFJ1pr8iwWPeQjmeHnPhqvA,2022-10-18T19:03:15Z,8:15,256,5844,169929,xsJsCuFk-GM,https://www.youtube.com/watch?v=xsJsCuFk-GM
THE FORBIDDEN YORU STRATEGY...,Red,UCFJ1pr8iwWPeQjmeHnPhqvA,2022-10-25T15:12:57Z,9:5,106,3869,86249,pRyFSFszEY0,https://www.youtube.com/watch?v=pRyFSFszEY0
"""YORU THAT FLASH IS UNFAIR"" (they were mad)",Red,UCFJ1pr8iwWPeQjmeHnPhqvA,2022-11-17T14:21:21Z,8:8,175,2792,52432,TJH_AJwqjto,https://www.youtube.com/watch?v=TJH_AJwqjto
"""YORU THAT FLASH IS UNFAIR"" (they were mad)",Red,UCFJ1pr8iwWPeQjmeHnPhqvA,2022-11-17T14:21:21Z,8:8,175,2792,52432,TJH_AJwqjto,https://www.youtube.com/watch?v=TJH_AJwqjto
"""Yoru I hope you die in the game""",Red,UCFJ1pr8iwWPeQjmeHnPhqvA,2022-10-16T13:00:14Z,8:2,185,4756,99365,ULGcpKaoNz0,https://www.youtube.com/watch?v=ULGcpKaoNz0
"""yoru you are crazy man...""",Red,UCFJ1pr8iwWPeQjmeHnPhqvA,2022-11-02T12:30:09Z,8:1,211,3691,59677,RYEei-8BjwE,https://www.youtube.com/watch?v=RYEei-8BjwE
"""YORU YOU ARE DOGSH*T""",Red,UCFJ1pr8iwWPeQjmeHnPhqvA,2022-11-10T14:00:24Z,8:11,104,4105,75093,pQ0W7UHdVaU,https://www.youtube.com/watch?v=pQ0W7UHdVaU
"""Yoru why are you fake cloning""",Red,UCFJ1pr8iwWPeQjmeHnPhqvA,2022-10-08T13:30:03Z,8:2,176,5422,136413,Dljnq120hfY,https://www.youtube.com/watch?v=Dljnq120hfY
When you 1v9 as Yoru in Valorant...,Red,UCFJ1pr8iwWPeQjmeHnPhqvA,2022-09-08T12:00:17Z,10:11,130,4078,86202,Vuen1u5iGVM,https://www.youtube.com/watch?v=Vuen1u5iGVM
YORU's MOST BROKEN ANIMATION CANCEL IS HERE...,Red,UCFJ1pr8iwWPeQjmeHnPhqvA,2022-10-02T14:00:17Z,8:1,259,6264,125602,cEuIU2zAk6o,https://www.youtube.com/watch?v=cEuIU2zAk6o
MY COLLECTION in VALORANT is WHITE & GOLD... (is it aimbot?),Red,UCFJ1pr8iwWPeQjmeHnPhqvA,2022-11-21T13:00:32Z,8:7,101,2160,36047,e2LsvAgnALE,https://www.youtube.com/watch?v=e2LsvAgnALE
THE ASSASSIN YORU PLAYSTYLE... ,Red,UCFJ1pr8iwWPeQjmeHnPhqvA,2022-10-22T18:11:55Z,8:12,122,4568,90158,T364Auomg2g,https://www.youtube.com/watch?v=T364Auomg2g
"""why do Yoru instalocks exist?""",Red,UCFJ1pr8iwWPeQjmeHnPhqvA,2022-09-28T12:30:31Z,8:19,332,6143,107026,uDFh_pkq8yc,https://www.youtube.com/watch?v=uDFh_pkq8yc
"""Yoru why are you fake cloning?""",Red,UCFJ1pr8iwWPeQjmeHnPhqvA,2022-08-07T14:00:13Z,8:7,118,5303,128779,ZVd4FRIXKWA,https://www.youtube.com/watch?v=ZVd4FRIXKWA
Fade SPEEDRUN (Full Series) Valorant,Keeoh,UCeIcwvxA_e5Dvrqg3rsuN1w,2022-08-11T16:00:21Z,3:10:25,147,4393,412850,RcG8Xg0J8Hk,https://www.youtube.com/watch?v=RcG8Xg0J8Hk
HARBOR SPEEDRUN,Keeoh,UCeIcwvxA_e5Dvrqg3rsuN1w,2022-10-19T16:30:03Z,24:22,756,13054,292916,Ph5xr2ofaMc,https://www.youtube.com/watch?v=Ph5xr2ofaMc
CYPHER SPEEDRUN,Keeoh,UCeIcwvxA_e5Dvrqg3rsuN1w,2022-11-27T15:00:05Z,18:14,708,8066,125456,CFlUSWXDB14,https://www.youtube.com/watch?v=CFlUSWXDB14
The FASTEST Ace in Valorant History?!,xChocoBars,UCdH7fwkQ5RGVAMIAN2ufm4Q,2022-08-12T19:00:00Z,18,12,806,13925,-eo0pv2AOKI,https://www.youtube.com/watch?v=-eo0pv2AOKI
